No,Pattern Name,Keywords,Section Order,Primary CTA Placement,Color Strategy,Recommended Effects,Animation Timing,Mobile Strategy,Dark Mode,Accessibility,Performance Impact,Conversion Optimization,When NOT to Use
1,Hero + Features + CTA,"hero, hero-centric, features, feature-rich, cta, call-to-action, saas, product, value-prop, standard, classic, overview",1. Hero (headline + subtext + CTA + visual) → 2. Trust bar (logos) → 3. Value proposition (3 pillars) → 4. Key features (3-5 cards/alternating sections) → 5. Social proof strip → 6. Bottom CTA → 7. Footer,"Hero: sticky nav CTA (ghost button) + Hero CTA (primary, large) + Bottom CTA (repeat hero CTA with urgency copy). Dual CTA option: primary 'Get Started' + secondary 'Watch Demo'.","Light: Hero bg gradient brand-50→white. Feature cards: white on #F8FAFC. CTA: brand-600 bg, white text, 7:1+ contrast. Trust logos: greyscale #94A3B8. Dark: hero bg brand-900→slate-900. Cards: slate-800. CTA: brand-400 on slate-900.","Hero parallax (0.3 speed ratio), feature cards hover lift 6px + shadow-lg, CTA glow ring on hover (box-shadow: 0 0 20px brand/30%), trust logos opacity 0.5→1 on scroll-in, feature icons fade-up stagger","Hero: fade-in 600ms + slide-up 40px ease-out. Trust bar: fade-in 400ms delay 200ms. Features: stagger 150ms each, IntersectionObserver threshold 0.2. CTA glow: 200ms ease. Parallax: transform translateY with requestAnimationFrame.","Stack hero vertically (image below headline on mobile). Feature cards: single column stack. Trust logos: horizontal scroll ticker. Sticky bottom CTA bar on mobile (fixed, 56px height). Hamburger nav.","Hero: brand-900 gradient→slate-950. Cards: slate-800 border-slate-700. Text: slate-100 heading, slate-300 body. CTA: brand-400 bg, slate-900 text. Reduce parallax intensity 50% in dark mode.",Hero heading: h1 with max-width 20ch. CTA: min 48x48px touch target. Feature cards: semantic headings h2/h3. Alt text on all visuals. Keyboard-navigable CTA. Skip-to-content link. Color contrast 7:1+ on CTA.,⚡ Excellent. Static hero image or optimized WebP. Lazy-load below-fold features. No heavy JS needed. LCP target: <2.5s.,"The workhorse pattern. Deep CTA placement (below features) converts 2-3x vs hero-only. Use contrasting CTA color (orange on blue, etc). Sticky nav CTA catches scroll-abandoners. A/B test: single CTA vs dual CTA. Trust logos increase conversion 15-25%.",Don't use for single-feature products (too much empty space). Avoid if you have <3 meaningful features. Not ideal for viral/meme products.
2,Hero + Testimonials + CTA,"hero, testimonials, social-proof, trust, reviews, cta, proof, quotes, credibility, authority, endorsement, customer-stories",1. Hero (headline + CTA) → 2. Problem statement (empathy) → 3. Solution overview (brief) → 4. Testimonials (3-5 carousel or grid) → 5. Optional: metric counters → 6. CTA section → 7. Footer,"Hero CTA (primary) + Post-testimonials CTA (repeat with social-proof context: 'Join 10,000+ happy customers'). Sticky nav CTA. Optional mid-page CTA between solution and testimonials.","Light: Hero: brand primary bg or split layout. Testimonials: #F8FAFC bg with white cards. Quote marks: brand-200 large decorative. Avatar ring: brand-500. Dark: testimonial cards slate-800, quote marks brand-700, avatar ring brand-400.","Testimonial carousel smooth slide (CSS scroll-snap), quote marks scale-in on viewport enter, avatar fade-in with slight scale 0.9→1, star ratings fill left→right, metric counters count-up animation","Testimonial cards: fade-up 500ms stagger 100ms on IntersectionObserver. Quote marks: scale 0→1 400ms ease-back. Avatars: fade-in 300ms. Star fill: 100ms per star stagger. Counter: 2s count-up with easing. Carousel: 400ms slide, CSS scroll-snap-type: x mandatory.","Testimonials: single column cards (no carousel on mobile — stack vertically). Show 2-3 testimonials, 'Show more' button for rest. Avatar: 48px circle. Large pull-quotes work great on mobile. Bottom sticky CTA.",Testimonial cards: slate-800 bg. Quote text: slate-200. Attribution: slate-400. Stars: amber-400. Avatar border: brand-500. Bg: slate-900.,"Testimonial cards: blockquote semantic HTML. Carousel: aria-live='polite', role='region'. Star ratings: aria-label='4.5 out of 5 stars'. Avatars: alt text with name. Pause carousel on hover/focus.",⚡ Excellent. Optimized avatar images (48px WebP). Lazy-load testimonials below fold. Counter: use IntersectionObserver to trigger. No heavy dependencies.,"Social proof before CTA increases conversion 34%. Use 3-5 testimonials minimum. Include photo + full name + role + company. Video testimonials convert 2x text. Metric counters (10,000+ users) add authority. Place CTA immediately after strongest testimonial.",Don't use if you have <3 genuine testimonials. Avoid fake/generic quotes. Not for brand-new products with zero users.
3,Product Demo + Features,"demo, product-demo, features, showcase, interactive, video, walkthrough, tour, saas-demo, screen-recording, loom","1. Hero (headline + demo CTA) → 2. Product video/interactive mockup (center stage, 16:9) → 3. Feature breakdown (alternating left/right sections with screenshots) → 4. Optional: comparison table → 5. CTA",Video play button (center hero) + CTA right of video or below + Feature section CTAs ('Try this feature') + Bottom CTA. Sticky nav 'Start Free Trial'.,Light: Video surround: brand-50 or dark overlay on poster. Feature screenshots: browser mockup with shadow. Icon accent: brand-500. Dark: video: slate-900 surround. Screenshots: slate-800 frame. Icons: brand-400.,"Video play button pulse ring (2s infinite), feature scroll-triggered reveals (slide from alternating sides), demo interaction highlights with pointer cursor animation, browser mockup tilt on hover","Play button pulse: scale 1→1.15 1.5s ease infinite. Feature reveals: slide-in 600ms from left/right alternating, IntersectionObserver threshold 0.3. Browser mockup: perspective(1000px) rotateY(2deg) on hover 400ms. Screenshot zoom: scale 1→1.02 on hover.","Video: full-width (remove mockup frame on mobile). Features: stack vertically, screenshots above text. Autoplay video muted with visible play button. Reduce mockup effects on mobile (no tilt). Thumbnail→video on tap.",Video player: dark surround always (looks natural). Feature sections: alternate slate-900/slate-850. Screenshots: slate-700 browser frame. Text: slate-100/300.,Video: captions/subtitles mandatory. Play button: aria-label='Play product demo video'. Feature images: descriptive alt text. Keyboard: space/enter to play. Transcript available.,"⚠ Moderate. Video: lazy-load, poster image first. Use <video> with preload='metadata'. Compress to <5MB. Interactive demo: load on demand. LCP: use poster image.",Embedded demos increase engagement 86%. Interactive mockups beat static screenshots 3:1. Auto-play muted video with captions. Show real UI (not illustrations). Feature sections with real screenshots convert better than icon grids.,Don't use without actual product footage. Avoid long videos (>90s for landing). Not for pre-product/concept stage. Skip interactive demo if load time >3s.
4,Minimal Single Column,"minimal, simple, direct, single-column, clean, focused, one-page, distraction-free, zen, indie, bootstrap, micro-saas","1. Hero headline (large, centered) → 2. Short description (2-3 sentences max) → 3. Benefit bullets (3 max, no cards) → 4. CTA (large, centered) → 5. Optional: tiny footer","Single CTA, center-aligned, large (min 200px wide). No nav CTA (no nav at all ideally). One action, one page, one decision. Optional: ghost secondary CTA ('Learn more ↓').",Light: Pure white #FFFFFF bg. Brand accent for CTA only. Text: near-black #0F172A. Zero decorative color. Dark: #09090B bg. Text: #F1F5F9. CTA: brand-400. Nothing else.,Minimal hover on CTA (scale 1.02 + shadow). Smooth scroll to CTA if secondary link. Subtle text fade-in on load. That's it — restraint is the design.,Hero text: fade-in 500ms. CTA: fade-in 600ms delay 300ms. Hover: scale 1→1.02 150ms ease. No scroll animations. No parallax. Speed is the feature.,Already mobile-first by nature. Full-width CTA button. Large text (18px+ body). Generous padding. Thumb-zone CTA placement. Perfect single-column pattern.,Dark: #09090B bg. Text: #E2E8F0. CTA: brand-400. Border: #1E293B if needed. Zero gradients. Ultra clean.,Excellent by default. Large text = readable. Single CTA = clear focus. High contrast. Minimal cognitive load. Screen reader friendly.,⚡ Excellent. Nearly zero JS. Static HTML/CSS. Sub-1s load. Perfect Lighthouse score. No images required.,"Single CTA focus = highest conversion rate per-visit for simple offers. Large typography (48-72px headline). Whitespace IS the design. No nav clutter. Works for: email capture, waitlist, single product. A/B test headline aggressively — it's all you have.",Don't use for complex products with multiple features. Avoid for enterprise/B2B (too simple). Not for comparison-heavy decisions.
5,Funnel (3-Step Conversion),"funnel, conversion, steps, wizard, onboarding, progressive, multi-step, guided, journey, pipeline, stage-gate",1. Hero (hook + entry CTA) → 2. Step 1: Problem identification (pain point) → 3. Step 2: Solution reveal (your product) → 4. Step 3: Action/result (social proof + CTA) → 5. Progress indicator throughout,"Each step: contextual mini-CTA ('Next step', 'See solution', 'Get started'). Final step: primary conversion CTA. Progress bar at top showing journey. Optional: sticky progress + CTA.","Light: Step 1: warm red-50 bg (problem/pain). Step 2: amber-50 (journey/process). Step 3: green-50 (solution/success). CTA: brand-600. Progress bar: brand-500 fill. Dark: red-950, amber-950, green-950 tints. CTA: brand-400.","Step number count-up animation, progress bar fill on scroll, step transitions with smooth scroll snap, icon morph between steps (problem→solution), confetti on final step",Progress bar: width transition 800ms ease-out synced to scroll. Step transitions: fade-in 500ms + slide-up 30px. Step numbers: scale bounce 0→1.2→1 300ms. Confetti: 500ms burst on CTA reach. Scroll-snap: proximity for flexibility.,Vertical step layout (works naturally on mobile). Progress bar: thin horizontal strip at top (sticky). Steps: swipeable sections. Each step = one screen height. Large step numbers as visual anchors.,Steps: slate-900 bg with colored left-border accent per step. Progress bar: brand-500 on slate-800 track. Step cards: slate-800. Text: slate-100/300.,Progress bar: role='progressbar' aria-valuenow. Steps: aria-current='step'. Step headings: h2. Keyboard: arrow keys between steps. Announce step changes to screen readers.,⚡ Good. CSS scroll-snap is lightweight. IntersectionObserver for progress. Minimal JS. Lazy-load step content below fold.,Progressive disclosure increases completion 40%. Show only essential info per step. 3 steps is optimal (cognitive ease). Multiple mini-CTAs catch users at each commitment level. Progress indicators reduce abandonment 28%.,"Don't use for simple products (over-engineered). Avoid >5 steps (abandonment spikes). Not for returning users (they want speed, not story)."
6,Video-First Hero,"video, hero, media, visual, engaging, cinematic, background-video, autoplay, brand-film, motion, immersive-hero","1. Hero: full-bleed video bg + headline overlay + CTA → 2. Key features (3-4, icon-based) → 3. Benefits section (alternating) → 4. Social proof → 5. Bottom CTA","Overlay CTA on video (center or bottom-left, high contrast) + Feature section CTAs + Bottom CTA. Sticky nav CTA. Play button for full video if hero is a teaser loop.",Light: Dark overlay 50-60% on video (#000000/50%). White text + white CTA outline or brand CTA. Below video: standard light bg. Dark: overlay 70% on video. Below: slate-900. CTA: brand-400 or white outline.,"Video autoplay muted loop, parallax scroll (video scrolls slower), text fade-in on load, play button pulse for full video, subtle vignette overlay","Video: autoplay muted loop playsinline (15-30s). Hero text: fade-in 800ms + slide-up 40px, 400ms delay. Play button: pulse scale 1→1.1 2s infinite. Scroll: video parallax 0.5 ratio. Vignette: radial-gradient overlay.",Replace video with poster image on mobile (<768px) — video kills mobile performance. Show play button for on-demand video. Stack hero text above poster. Reduce overlay darkness on mobile (text readability). Autoplay only on WiFi.,Overlay: 60% opacity on video (dark mode already). Below sections: slate-900 bg. Video naturally provides dark aesthetic. Text: white always on video. Below: slate-100/300.,"Video: always provide captions (track element). Autoplay: muted is accessible, add visible play/pause control. Poster image: descriptive alt text. Reduced motion: show poster only, no autoplay. Text overlay: ensure 7:1 contrast.","❌ Heavy. Video: compress aggressively (H.264, <5MB). Poster image as LCP. Preload='metadata' only. Consider IntersectionObserver to pause off-screen. Mobile: poster-only saves 5MB+. Lazy-load below-fold.",Video hero increases engagement 86% and time-on-page 2.6x. Keep loop 15-30 seconds. Must be brand/product video (not stock). Add captions always. Compress aggressively. Poster image as fallback. Play button for full version.,Don't use stock video (kills authenticity). Avoid on mobile-heavy audiences (performance). Not for text-heavy value props. Skip if video file >8MB.
7,Lead Magnet + Form,"lead, form, signup, capture, email, magnet, ebook, checklist, whitepaper, download, gated-content, opt-in, squeeze","1. Hero (benefit headline + lead magnet preview image) → 2. What's inside (3-5 bullet points) → 3. Form (minimal: name + email) → 4. Trust signals (privacy, no spam) → 5. Submit CTA","Form: above the fold (right side of hero on desktop). Submit button: large, full-width within form. Secondary: 'Preview first' text link. No other CTAs — pure focus on form submission.","Light: Form bg: white with subtle shadow. Inputs: #F1F5F9 bg, #CBD5E1 border, brand-500 focus ring. CTA: brand-600 full-width. Lead magnet preview: styled cover with shadow. Dark: form bg slate-800, inputs slate-700, CTA brand-400.","Form focus glow animation, input validation checkmarks (green) / shake (red), lead magnet cover 3D tilt hover, submit button loading spinner, success confetti + checkmark animation",Input focus: border-color 200ms + ring scale 0→1 150ms. Validation: shake 300ms (error) or checkmark draw 200ms (success). Submit: button shrinks to circle→spinner→checkmark 1.5s total. Confetti: 500ms burst. Cover tilt: perspective(600px) rotateY(5deg) 300ms.,"Form: full-width below hero image (stacked). Lead magnet preview: above form. Input: 48px height (thumb-friendly). Submit: full-width, 56px height. Show form immediately (no scroll needed). Autofocus first field.","Form: slate-800 bg, inputs: slate-700, focus: brand-500 ring. Submit: brand-400. Lead magnet cover: slate-700 shadow. Privacy text: slate-400.",Form: label elements linked to inputs. Error messages: role='alert'. Submit: descriptive text ('Download Free Guide'). Required fields: aria-required. Tab order: logical. Success: aria-live='polite' announcement.,"⚡ Excellent. Static form, no heavy JS. Validation: native HTML5 + minimal JS. Images: optimized cover preview. No third-party form libraries needed.","Form fields ≤3 for best conversion (each field reduces conversion 7%). Offer genuinely valuable lead magnet with preview. Show 'No spam, unsubscribe anytime'. Name+Email only. Smart defaults. Progress indicator if multi-step. A/B test: with vs without name field.",Don't use without genuinely valuable lead magnet. Avoid >4 form fields. Not for impulse purchases (too much friction). Skip if audience is form-fatigued (try chat instead).
8,Pricing Page + CTA,"pricing, plans, tiers, comparison, cta, subscription, saas-pricing, billing, monthly, annual, freemium, paywall","1. Hero (pricing headline: 'Simple, transparent pricing') → 2. Monthly/Annual toggle → 3. Pricing cards (3 tiers, center highlighted) → 4. Feature comparison table → 5. FAQ accordion → 6. Final CTA ('Still unsure? Talk to sales')",Each pricing card: CTA button (Get Started/Try Free/Contact). Sticky nav CTA. Toggle: monthly↔annual. Highlighted plan: 'Most Popular' badge. Bottom: 'Talk to Sales' for enterprise. Money-back guarantee badge near CTAs.,"Light: Free: slate-100 card, slate-600 CTA. Popular: brand-50 card, brand-600 CTA, brand-500 border, 'Popular' badge. Enterprise: slate-900 card, white CTA. Toggle: brand-500 active. Dark: Free: slate-800. Popular: brand-900, brand-400 CTA. Enterprise: slate-700.","Price toggle animation (counter morphs between monthly/annual), card hover lift + shadow, popular plan pulse badge, feature checkmark animations, FAQ accordion smooth expand, annual discount badge pop-in",Toggle: price counter 400ms morph (spring easing). Card hover: translateY(-4px) 200ms + shadow-xl. Badge: scale bounce 0→1.1→1 300ms on viewport enter. Checkmarks: draw-in 150ms stagger 50ms. FAQ: height auto 300ms ease. Discount badge: pop-in 200ms with rotate.,Pricing cards: horizontal scroll (scroll-snap) or stacked vertically. Popular plan first on mobile. Toggle: full-width pill selector. Feature table: responsive (card view per plan on mobile). FAQ: full-width accordion. Sticky bottom CTA on mobile.,Cards: slate-800. Popular: brand-900 border + brand-400 badge. Enterprise: slate-700 subtle gradient. Toggle: brand-500 on slate-700. Checkmarks: green-400. X marks: slate-600. Table: slate-800/850 alternating.,Toggle: role='radiogroup'. Cards: role='region' with aria-label. Prices: aria-live='polite' on toggle change. Feature table: proper table markup. FAQ: aria-expanded on buttons. Keyboard: tab between plans.,⚡ Excellent. Lightweight CSS + minimal JS for toggle/accordion. No heavy dependencies. Table: responsive CSS. Images: zero (icon-based).,Pre-select/highlight recommended plan (mid-tier). Show annual discount prominently (save 20-30%). Most Popular badge increases mid-tier selection 25%. FAQ addresses top 5 objections. Money-back guarantee near CTA increases conversion 18%. A/B test: 3 vs 4 tiers. Enterprise: 'Contact Sales' (qualify leads).,Don't use for single-product/single-price. Avoid >4 tiers (decision paralysis). Not for products where pricing needs explanation (use calculator instead).
9,Comparison Table Focus,"comparison, table, versus, compare, features, competitive, alternative, switch, migrate, vs, competitor",1. Hero (problem: 'Still using X? There's a better way.') → 2. Quick win summary (3 differentiators) → 3. Comparison matrix (you vs 2-3 competitors) → 4. Feature deep-dive (your advantages) → 5. Migration CTA ('Switch in 5 minutes'),After comparison table: 'Switch Now' CTA (highlighted in your column). Bottom: repeat CTA with migration ease messaging. Sticky column header with your brand on scroll. Quick-compare toggle for mobile.,"Light: Your column: brand-50 bg, brand-500 header. Competitor columns: slate-50, muted. Checkmarks: green-500. X marks: red-400. Your row winner: green-50 highlight. Dark: your column: brand-900. Competitors: slate-800. Checks: green-400. X: red-500.","Table row hover highlight, feature checkmark draw-in animations, sticky comparison header on scroll, winner badge animations, column spotlight on hover","Row hover: bg-change 150ms. Checkmarks: draw 200ms stagger 50ms on scroll-in. Sticky header: backdrop-blur(12px) on scroll. Winner badge: scale-in 300ms bounce. Column spotlight: opacity transition 200ms (highlight yours, dim others).","Mobile: transform table into stacked comparison cards (one per competitor). Or horizontal scroll with sticky first column (your product). Swipe between competitors. Condensed view: show top 5 features only, 'See all' expander.",Your column: brand-900 bg. Competitors: slate-800. Checks: green-400. X: red-400/slate-600. Header: brand-500 accent. Row hover: slate-700.,Table: proper <table> markup with <thead>/<tbody>. Column headers: scope='col'. Row headers: scope='row'. Checkmarks: aria-label='Available'. X marks: aria-label='Not available'. Sortable: aria-sort.,⚡ Excellent. Pure HTML table + CSS. No heavy JS. Sticky header: CSS position:sticky. Responsive: CSS grid transformation.,Comparison increases conversion 35% (helps decision-making). Be factual and honest (don't lie about competitors). Highlight unique differentiators. Include pricing row if favorable. Show migration ease ('Import in 1 click'). Link to detailed comparison pages per competitor.,Don't use if you lose most comparisons. Avoid comparing >3 competitors (cluttered). Not for category-creators (no one to compare to). Skip if competitors might take legal action.
10,Scroll-Triggered Storytelling,"storytelling, scroll, narrative, story, immersive, journey, timeline, chapters, progressive-reveal, parallax-story, long-form","1. Hook/intro (full-screen, arresting headline) → 2. Chapter 1: The Problem (pain, empathy) → 3. Chapter 2: The Journey (discovery, process) → 4. Chapter 3: The Solution (your product reveal) → 5. Climax CTA (transformed state) → 6. Epilogue (social proof + final CTA)",Each chapter end: subtle mini-CTA ('Skip to solution →'). After Chapter 3: primary CTA. Climax: large conversion CTA. Skip button always visible for impatient users. Progress indicator doubles as chapter nav.,Light: Chapter 1: warm/red-tinted bg (problem). Chapter 2: neutral/amber transition. Chapter 3: cool/brand-colored (solution). Climax: brand-600 full bg. Progressive intensity. Dark: same progression but deeper tones. Red-950→amber-950→brand-950→brand-600.,"ScrollTrigger animations, parallax layers (foreground/background), progressive disclosure, chapter transitions with color morph, text pinning, image sequence (scroll-driven), progress timeline fill",Scroll-driven: GSAP ScrollTrigger or CSS scroll-timeline. Text pin: position sticky with fade transitions. Chapter transition: bg-color morph 100vh over scroll. Parallax: 3 layers (0.2/0.5/1.0 speed). Progress: scroll-linked width animation. Image sequence: 30fps frame swap.,Simplify to vertical scroll with fade-in sections (remove parallax layers). Chapters: clear visual breaks with chapter numbers. Progress: thin horizontal bar at top. Reduce animation intensity 70%. Ensure text is readable without animations (graceful degradation).,Chapter bgs: slate-950 with colored accent borders/gradients per chapter. Text: slate-100. Progress: brand-500 on slate-800. Climax: brand-600 full bg.,"Reduced motion: disable parallax/pinning, show all content statically. Progress bar: role='progressbar'. Chapter nav: keyboard navigable. Skip button: always visible. Content readable without JS. Headings: proper h1-h3 hierarchy.",❌ Heavy. GSAP/ScrollTrigger: ~30KB. Image sequences: lazy-load frames. Debounce scroll handlers. GPU-accelerate transforms. Mobile: stripped-down version. Target: 60fps scroll. Test on low-end devices.,"Narrative increases time-on-page 3x and emotional connection. Use for complex/emotional products. Progress indicator is essential (reduces abandonment 40%). Skip button for power users. Limit to 3-4 chapters (attention spans). Mobile: simplify aggressively. Works best for brand stories, not feature lists.",Don't use for simple products. Avoid if mobile audience >60% (performance). Not for utility/tool products. Skip if page load >3s (users leave before story starts).
11,Waitlist / Coming Soon,"waitlist, coming-soon, launch, early-access, notify, pre-launch, beta, teaser, countdown, exclusive, anticipation, mvp","1. Hero: countdown timer + product teaser + email capture → 2. Product preview (mockup/video teaser) → 3. What's coming (3 key features, teased) → 4. Social proof: waitlist count + notable signups → 5. Referral program CTA","Email form: above the fold, prominent. Single field (email only). Submit: 'Join Waitlist' or 'Get Early Access'. Show waitlist count as social proof. Referral: 'Move up the list — invite friends'. Sticky form on scroll.","Light: Dark/premium bg (slate-900 or brand-900) = exclusivity. Countdown: brand-500 digits on dark. Email input: white on dark. Accent highlights: brand-400. Teaser: gradient brand-500→brand-700. Dark: natural fit — slate-950 bg, brand-400 accents.","Countdown timer (flipping digits), email validation real-time, success confetti + waitlist position reveal, social share buttons fly-in, waitlist counter tick-up, teaser mockup float animation",Countdown: flip animation 500ms per digit. Email validation: checkmark draw 200ms on valid. Submit: button→spinner→confetti 1.5s. Position reveal: counter 800ms count-up. Mockup: float up/down 3s infinite subtle. Share buttons: stagger slide-in 100ms.,"Countdown: compact horizontal. Email: full-width input + button stacked. Teaser: simplified (image only, no 3D). Share buttons: native share API on mobile. One-thumb signup flow. Show position immediately after signup.","Natural dark pattern. Slate-950 bg. Brand-400 accents. Countdown: brand-300 digits. Input: slate-800 bg, white text. Submit: brand-500.",Countdown: aria-live='polite' for updates. Form: proper label. Success message: aria-live='assertive'. Timer: aria-label='Time remaining until launch'. Referral: accessible share buttons.,⚡ Good. Countdown: lightweight JS timer. No heavy framework needed. Compress teaser images. Lazy-load below-fold content.,Scarcity + exclusivity = urgency. Show waitlist count (social proof). 'X people ahead of you' creates FOMO. Referral program: 'Skip the line by inviting 3 friends'. Early access benefits list. Product teaser (don't reveal everything). A/B test: countdown vs no countdown.,Don't use if launch is >6 months away. Avoid without actual product progress to show. Not for established products (use standard landing).
12,AI Personalization Landing,"ai, personalization, smart, recommendation, dynamic, adaptive, segment, ab-test, customized, tailored, machine-learning",1. Dynamic hero (personalized headline + image per segment) → 2. Relevant features (filtered by user interest) → 3. Tailored testimonials (industry-matched) → 4. Smart CTA (personalized offer) → 5. Fallback: best-performing static version for new users,"Context-aware CTA: changes text based on referral source, industry, behavior. New user: 'Start Free Trial'. Returning: 'Welcome back — continue setup'. From competitor page: 'Switch from [X] in minutes'. Enterprise traffic: 'Talk to Sales'.",Light: Adaptive based on segment. Tech: blue palette. Creative: vibrant/pink. Enterprise: navy/conservative. Default: brand standard. Dark: same logic with dark variants. Always A/B test color per segment.,"Dynamic content swap (fade transitions), personalized hero image swap, recommendation carousel, segment-detection loading shimmer, A/B variant smooth transition",Content swap: crossfade 300ms. Hero image: fade 400ms with blur(5px) transition. Recommendations: stagger slide-in 150ms. Shimmer loading: 1.5s infinite while personalizing. Fallback: instant render (no loading state).,Same personalization logic. Ensure fallback renders in <1s. Personalized content loads async. Mobile: simpler personalization (fewer variants). Test: does personalization improve mobile conversion?,Adapts per segment. Ensure all variants have proper dark mode. Test each segment's dark variant separately.,Ensure all dynamic content has proper ARIA updates. aria-live for swapped content. No content flash. Fallback content accessible immediately. Test each variant for accessibility.,⚠ Moderate. Requires analytics integration (segment detection). Server-side personalization preferred (no flash). Client-side: show shimmer while loading. Cache segment data. Fallback: static page in <1s.,"Personalization increases conversion 20-30%. Requires analytics integration (Segment, Amplitude, etc). A/B test everything per segment. Fallback for new users is critical (best-performing static). Don't over-personalize (uncanny valley). Start simple: 3 segments max. Measure lift per segment.",Don't use without proper analytics infrastructure. Avoid if traffic <10k/month (not enough data). Not for simple products. Skip if you can't maintain multiple content variants.
13,Funnel: Before-After Transformation,"before-after, transformation, results, comparison, slider, reveal, proof, outcomes, success-story, case-study, visual-proof",1. Hero (problem state: 'Are you still dealing with X?') → 2. Before/After interactive slider or comparison → 3. How it works (3 simple steps) → 4. Results metrics (counters) → 5. Customer transformation stories → 6. CTA ('Start your transformation'),After transformation reveal: primary CTA. Below results metrics: reinforcement CTA with specific outcome ('Get 3x results'). Bottom: urgency CTA with guarantee. Before/after slider: implicit CTA to try product.,"Light: Before: desaturated/grey palette (#94A3B8 tint), muted, slightly dark overlay. After: vibrant, full-color, brand-tinted, bright, green-50 success glow. Transition: grey→color reveals value. Dark: before: slate-800 muted. After: brand-400/green-400 vibrancy.","Before/after slider interaction (drag handle), grey→color reveal animation, result counter count-up, transformation video play, customer photo morph, confetti on 'after' reveal","Slider: CSS resize or custom drag handle, 60fps. Grey→color: filter: grayscale(1)→grayscale(0) 800ms on scroll. Counters: 2s count-up on IntersectionObserver. Photo morph: crossfade 500ms. Confetti: 400ms burst on after-reveal.",Slider: touch-friendly drag (min 44px handle). Or tap-to-toggle before/after. Stack before above after on narrow screens. Results: horizontal scroll metric cards. Transformation stories: swipeable cards.,"Before: slate-800, desaturated. After: vibrant brand colors on slate-900. Slider: brand-500 handle. Metrics: green-400 for positive results.",Slider: role='slider' aria-valuemin/max. Before/after images: descriptive alt text for both states. Metrics: aria-label with full number. Keyboard: arrow keys for slider. Reduced motion: show both states side-by-side.,⚡ Good. Slider: lightweight custom JS. Images: optimized before/after. Counters: IntersectionObserver. No heavy library needed.,Visual proof of value increases conversion 45%. Show real results (not mockups). Specific metrics beat vague claims ('3.2x faster' > 'much faster'). Include guarantee offer. Before/after slider is highly engaging (interaction increases trust). Customer stories with photos + specific outcomes.,Don't use without real before/after data. Avoid misleading comparisons. Not for products without measurable outcomes. Skip if results are minimal/hard to visualize.
14,Pricing-Focused Landing,"pricing, price, cost, plans, subscription, tier, freemium, premium, enterprise, billing, plan-comparison, upgrade",1. Hero (value headline: 'Everything you need for $X/mo') → 2. Pricing cards (3 tiers: Free/Pro/Enterprise) → 3. Feature comparison toggle table → 4. Calculator (optional: 'How much will you save?') → 5. FAQ → 6. Final CTA + guarantee,Each pricing card: dedicated CTA. Highlighted/recommended plan: larger CTA + 'Most Popular' badge. Sticky nav: 'Start Free'. Toggle: Monthly↔Annual. Bottom: 'Still unsure? Talk to our team'. Guarantee badge near all CTAs.,"Light: Free: white card, grey CTA. Pro: brand-50 card, brand-600 CTA, brand-500 ring, Popular badge gold. Enterprise: slate-900 card, white text, white CTA. Annual toggle: green-500 savings badge. Dark: Free: slate-800. Pro: brand-900 glow. Enterprise: slate-700.","Price counter morph on toggle, card hover lift, popular plan subtle pulse border, feature table row highlights, FAQ smooth accordion, savings calculator real-time update, guarantee badge shimmer",Price morph: 400ms spring on toggle. Card lift: translateY(-6px) 200ms. Popular pulse: brand-500 border opacity pulse 2s infinite subtle. Table row: bg 150ms on hover. FAQ: max-height transition 300ms. Calculator: counter 300ms on input change.,Cards: vertical stack (popular first). Toggle: pill selector full-width. Feature table: card-per-plan view. FAQ: full-width accordion. Calculator: simplified (fewer inputs). Sticky bottom bar: 'Start Free Trial'.,Cards: slate-800. Popular: brand-900 with brand-400 border glow. Enterprise: slate-700. Toggle: brand-500 active on slate-700 track. Table: slate-800/850. FAQ: slate-800.,Toggle: role='radiogroup'. Price change: aria-live='polite'. Cards: role='region'. Feature table: proper table markup. FAQ: aria-expanded. Calculator: aria-live for results.,⚡ Excellent. Minimal JS (toggle + accordion). No framework needed. CSS-only card effects. Calculator: vanilla JS.,Pre-select recommended plan. Annual discount: show savings prominently ('Save $120/year'). Most Popular badge: 25% more selections. FAQ: address top 5 pricing objections. Money-back guarantee: +18% conversion. Calculator: personalized savings increase intent. A/B test: 3 vs 2 tiers.,Don't use for single-price products. Avoid >4 tiers. Not for products requiring custom quotes (use calculator + contact instead).
15,App Store / Download Landing,"app, mobile, download, store, install, ios, android, play-store, app-store, mobile-app, pwa",1. Hero (device mockup + headline + download buttons) → 2. Screenshots carousel (device frames) → 3. Features with icons (3-5) → 4. Ratings/reviews section → 5. Download CTAs (repeated) → 6. QR code section,Download buttons (App Store + Play Store) in hero + bottom. Sticky bottom bar on mobile with download buttons. QR code for desktop→mobile bridge. Deep link buttons. Rating badge near CTAs.,"Light: Dark bg hero (device stands out) or light with device shadow. Screenshots: device frames (iPhone/Android). Star ratings: amber-400. Download badges: official Apple/Google artwork. Dark: slate-950 bg, device with glow, screenshots with slate-800 frame.","Device mockup 3D rotation on scroll, screenshot slider with device frame, star rating fill animation, download button pulse, QR code generate animation, parallax device float","Device rotate: scroll-driven, perspective(1200px) rotateY(5→-5deg). Screenshots: CSS scroll-snap 400ms. Stars: fill left→right 150ms stagger. Download pulse: scale 1→1.05 2s infinite. Device float: translateY 8px 3s infinite ease-in-out.","Hero: device mockup smaller, centered. Screenshots: horizontal scroll (full-width, snap). Download: platform-detect (show relevant store first). QR code: hide on mobile. Deep link: direct to store. Sticky bottom download bar.",Hero: slate-950 (device mockups look best on dark). Screenshots: slate-800 frames. Stars: amber-400. Text: slate-100. Natural dark-first pattern.,Download buttons: descriptive aria-label ('Download on App Store'). Screenshots: alt text per screen. Rating: aria-label='Rated 4.8 out of 5 stars'. QR code: alt text with URL. Carousel: keyboard navigable.,⚡ Good. Device images: optimized WebP. Screenshots: lazy-load. No heavy JS for carousel (CSS scroll-snap). QR: generate server-side or lightweight lib.,Show real screenshots (not mockups). Include ratings 4.5+ stars. QR code bridges desktop→mobile (15% of desktop visitors scan). Platform-detect: show relevant store first. Video preview: 30s app walkthrough. A/B test: with vs without QR code.,Don't use for web-only products. Avoid if app rating <4.0. Not for PWAs (different distribution). Skip QR if audience is already mobile.
16,FAQ / Documentation Landing,"faq, documentation, help, support, questions, knowledge-base, help-center, troubleshoot, guide, wiki, self-service","1. Hero with search bar (large, centered) → 2. Popular/trending questions (quick links) → 3. Category cards (icon + title + count) → 4. FAQ accordion (categorized) → 5. Contact support CTA (for unresolved)",Search bar: hero-level prominence (the primary CTA IS the search). Category cards: click to filter. FAQ items: 'Was this helpful?' Yes/No. Bottom: 'Can't find what you need? Contact us'. Sticky search on scroll.,"Light: Clean white bg. Category icons: brand-500. Search: large, white bg, subtle shadow, brand-500 focus ring. Helpful: green-500 yes, red-400 no. Contact CTA: brand-600. Dark: slate-900. Category icons: brand-400. Search: slate-800 bg. Accordion: slate-800 items.","Search autocomplete dropdown, smooth accordion expand/collapse, category hover scale + shadow, helpful feedback animation (thumb bounce), search results highlight/filter, contact form slide-in","Autocomplete: 200ms debounce, dropdown fade-in 150ms. Accordion: max-height + opacity 300ms ease. Category hover: scale 1.02 + shadow-lg 200ms. Helpful click: thumb scale 1→1.3→1 200ms. Search filter: results fade-in 200ms stagger.","Search: full-width, auto-focus on load. Categories: 2-column grid. FAQ: full-width accordion. Helpful buttons: large touch targets (48px). Contact: sticky bottom bar. Voice search button on mobile.","Search: slate-800 bg, white text. Categories: slate-800 cards. Accordion: slate-800 items, slate-700 border. Helpful: green-400/red-400. Contact: brand-400.","Search: role='searchbox', aria-label. Autocomplete: aria-expanded, aria-activedescendant. Accordion: aria-expanded on triggers. Helpful: aria-label='Was this answer helpful?'. Keyboard: full navigation. Skip-to-search link.",⚡ Excellent. Search: lightweight autocomplete (no heavy lib). Accordion: CSS-only or minimal JS. Categories: static. No framework needed.,Search bar IS the CTA — make it huge and obvious. Track search analytics (find content gaps). Show popular questions (80/20 rule). 'Was this helpful?' reduces support tickets 30%. Categorize by user journey. Contact escalation path: FAQ→chat→email→phone. A/B test: search-first vs category-first.,Don't use as primary landing for new visitors. Avoid for <20 FAQ items (use simple FAQ section instead). Not for product marketing (this is support).
17,Immersive / Interactive Experience,"immersive, interactive, experience, 3d, animation, webgl, threejs, creative, experimental, gamification, exploratory, engagement","1. Full-screen interactive element (3D scene, game, configurator) → 2. Guided product tour (triggered by interaction) → 3. Key benefits revealed through interaction → 4. CTA after completion → 5. Skip option (always visible)","After interaction complete: primary CTA (earned through engagement). Skip button: always visible, small, top-right ('Skip to product →'). Progress indicator: shows completion %. Reward CTA: 'You explored everything — here's 20% off'.","Light: Dark background mandatory for focus on interactive element. Brand accent for highlights. Neon/glow effects for interactive hotspots. Minimal UI chrome. Dark: natural fit — dark bg, bright interactive elements, glow accents.","WebGL 3D scene, particle effects, scroll-driven interactions, gamification (collect/discover), reveal animations on interaction, reward celebrations, progress breadcrumbs",3D: 60fps target (Three.js/R3F). Particle: GPU-accelerated. Scroll-driven: requestAnimationFrame throttled. Reveals: 300ms fade-in on trigger. Reward: confetti 500ms burst. Progress: smooth width transition 200ms. Skip: always instant.,2D fallback mandatory on mobile. Simplified interaction (tap instead of hover). Reduce particle count 70%. Touch-friendly hot spots (min 48px). Option: 'View full experience on desktop'. Performance-first: test on low-end Android.,"Dark by nature. Interactive elements: bright brand/accent colors. UI overlays: white/light text. Progress: brand-500. Skip: white text, semi-transparent bg.","Skip button: always accessible, visible, keyboard-focusable. Reduced motion: static fallback with key screenshots. Interactive elements: keyboard alternatives. Screen reader: descriptive narration of what's happening. Time limit: none (self-paced).",❌ Heavy. WebGL: significant JS payload (Three.js ~150KB). Lazy-load 3D scene. Show loading progress. Poster/screenshot as immediate render. LCP: use placeholder. Budget: 3s to interactive on 4G. Mobile: 2D fallback saves 200KB+.,"40% higher engagement than static pages. BUT performance trade-off is real. Always provide skip option (30% of users will skip). Reward completion ('Congrats! Here's an offer'). Track interaction depth analytics. Mobile: simplified version is okay. Progressive enhancement: HTML first, 3D enhances.","Don't use if audience is utility-focused (they want info, not play). Avoid without WebGL fallback. Not for mobile-heavy traffic without 2D alternative. Skip if load time >5s."
18,Event / Conference Landing,"event, conference, meetup, registration, schedule, summit, workshop, seminar, webinar, hackathon, expo, ticket",1. Hero (event name + date + location + countdown + register CTA) → 2. Speakers grid (photos + bios) → 3. Agenda/schedule (tabs by day/track) → 4. Venue + map → 5. Sponsors/partners logos → 6. Ticket tiers + Register CTA,"Register CTA: sticky in nav + hero (primary, large) + after speakers + after agenda + bottom. Countdown creates urgency. Early bird pricing with deadline. Multi-ticket discounts. 'Add to Calendar' after registration.","Light: Hero: dark overlay on venue photo or brand gradient. Countdown: brand-500 digits. Speaker cards: white with brand-50 hover. Agenda: tabbed with brand accent. Sponsors: greyscale logos. Tickets: similar to pricing cards. Dark: slate-900 bg, brand-400 accents.","Countdown timer flip digits, speaker card hover reveal bio, agenda tab smooth switch, venue map interactive, sponsor logo carousel, early bird countdown, registration form progress, ticket card hover lift","Countdown flip: 500ms per digit, CSS 3D transform. Speaker hover: translateY(-4px) 200ms + bio overlay fade 200ms. Agenda tabs: content crossfade 200ms. Map: lazy-load, interactive on click. Sponsor logos: infinite scroll 30s linear. Ticket hover: lift 4px 200ms.",Hero: stacked (countdown below headline). Speakers: horizontal scroll cards. Agenda: accordion by day (not tabs). Venue: static map image→link to Google Maps. Sponsors: grid. Tickets: stacked cards. Sticky bottom register bar.,Hero: dark overlay on venue photo (natural). Cards: slate-800. Agenda: slate-800 tabs. Map: dark-mode tiles. Sponsors: white logos on dark.,Countdown: aria-live='polite'. Speakers: card with role='article'. Agenda: tabpanel pattern. Map: aria-label with address. Registration form: proper labels. Tickets: comparable to pricing accessibility.,"⚡ Good. Countdown: lightweight JS. Speaker images: optimized, lazy-loaded. Map: lazy-load on demand. Sponsor carousel: CSS-only. No heavy framework needed.",Early bird pricing with deadline (countdown creates 3x urgency). Speaker credibility = ticket driver. Show past event photos/videos. Attendee count as social proof. Multi-ticket discounts. 'Add to Calendar' reduces no-shows 40%. A/B test: with vs without countdown.,Don't use for online-only events (use webinar pattern instead). Avoid if event is >6 months away (too early for tickets). Not for free events with unlimited capacity (no urgency).
19,Marketplace / Directory,"marketplace, directory, search, listing, platform, aggregator, classifieds, catalog, browse, discover, two-sided, p2p","1. Hero: search bar (central, large) + category quick-links → 2. Featured/trending listings → 3. Category grid (visual) → 4. Trust & safety section → 5. Seller CTA ('List your item/service') → 6. Footer with popular searches",Search bar IS the primary CTA (hero-level prominence). Category cards: direct to filtered results. Featured listings: click to detail. Dual CTA: buyer ('Search') + seller ('Become a seller'). Sticky search on scroll. Recent/popular searches hint.,"Light: Search: white bg, brand-500 focus, large. Categories: colorful icons on white cards. Listings: white cards, subtle shadow. Trust: green-500 badges. Dark: search: slate-800 bg. Categories: slate-800 cards with brand-400 icons. Listings: slate-800 cards.","Search autocomplete with thumbnails, category hover scale, listing card hover lift + preview, map pin hover sync (if map view), infinite scroll load, trust badge pulse, filter animation slide-in","Autocomplete: 150ms debounce, dropdown 200ms. Category: scale 1.02 200ms. Listing hover: translateY(-4px) 200ms + shadow. Map pin: bounce on card hover. Infinite scroll: skeleton placeholders 200ms fade. Filters: slide-in from left 300ms.",Search: full-width hero. Categories: horizontal scroll (scroll-snap). Listings: single column cards. Map: toggle view (list↔map). Filters: bottom sheet (not sidebar). Sticky search + filter bar. Pull-to-refresh.,Search: slate-800. Cards: slate-800. Category icons: brand-400. Map: dark tiles. Filters: slate-800 sheet.,Search: proper role. Autocomplete: aria patterns. Listings: card landmark. Filters: dialog/sheet accessible. Map: aria-label per pin. Infinite scroll: announce new results. Price: aria-label with full value.,"⚠ Moderate. Many listings = virtual scrolling recommended. Images: lazy-load, WebP. Map: load on demand. Autocomplete: debounced. Skeleton loading for perceived performance.",Search bar is the CTA — make it impossible to miss. Reduce friction to first search. Popular/recent searches as hints. Category browsing for undecided users. Social proof: 'X listings in your area'. Seller acquisition: prominent 'List your product' CTA. A/B test: search-first vs category-first.,Don't use without sufficient listings (empty marketplace = dead). Avoid without search functionality. Not for single-vendor stores (use e-commerce pattern).
20,Newsletter / Content First,"newsletter, content, writer, blog, subscribe, substack, beehiiv, author, publication, digest, email-list, creator-writing","1. Hero: value prop + inline email form (single field) → 2. Recent issues/sample content → 3. Social proof ('Join X,000 readers') → 4. About the author/team → 5. Archive/browse section","Hero inline form: email + Subscribe button (above the fold). Sticky header form (condensed). Bottom: repeat form. Show 'Join X,000 readers' near every form. 'Read a sample' link as secondary CTA (reduces friction).",Light: Minimalist. Paper-like bg (#FAFAF9 or #FFFFF5). Text-heavy: near-black on warm-white. Accent: single brand color for Subscribe. Author photo: warm border. Dark: slate-900 bg. Text: slate-200. Paper feel: subtle warm tint. Subscribe: brand-400.,"Text highlight animations, typewriter effect on headline, fade-in on sample content, subscriber counter tick-up, author photo gentle float, email validation inline, success celebration",Typewriter: 60ms per character 800ms total. Text highlight: bg-brand-100 spread 300ms. Sample content: fade-in 400ms stagger. Counter: 1.5s count-up. Author float: translateY 4px 3s infinite. Validation: checkmark 200ms. Success: confetti 400ms.,"Form: full-width email + submit stacked. Sample content: full-width cards. Author: centered bio card. Archive: simple list. Everything readable and tappable. Single-column, content-first.",Warm-dark: slate-900 with warm tint. Text: slate-200 (not pure white for reading). Subscribe: brand-400. Sample cards: slate-800. Author: slate-800 card.,Form: proper label linked to input. Subscribe: descriptive button text. Sample content: semantic article markup. Author: aria-label with name. Counter: aria-live. Archive: proper list markup.,⚡ Excellent. Nearly zero JS needed. Static content. Typewriter: CSS animation. Counter: IntersectionObserver. Ultra-fast page.,"Single field (email only) = highest conversion. Show 'Join 10,000+ readers' (social proof). Sample content link reduces subscribe anxiety. Author credibility matters. A/B test: with vs without subscriber count. Frequency expectation ('Every Tuesday'). Unsubscribe promise near form.",Don't use without genuine content samples. Avoid subscriber count if <500 (looks small). Not for high-frequency newsletters without archive proof.
21,Bento Grid Showcase,"bento, grid, features, modular, apple-style, showcase, cards, dashboard-preview, multi-feature, visual-dense, spec-grid","1. Hero (headline + subtext) → 2. Bento grid (6-8 feature cards, mixed sizes: 2x2, 1x1, 2x1, 1x2) → 3. Optional: tech specs row → 4. CTA section → 5. Footer",Bottom of grid: primary CTA. Individual bento cards: can be clickable (drill-down). Floating CTA button option. Hero: minimal CTA (let grid sell). Each card: subtle 'Learn more →' link.,Light: Cards bg: #F5F5F7 (Apple grey) or white with subtle border. Icons/visuals: vibrant brand accent per card. Text: near-black. Hero bg: white. Dark: cards: slate-800/glass (backdrop-blur). Icons: brand-400. Text: slate-100. Bg: slate-950.,"Card hover: scale 1.02 + shadow-xl, video autoplay inside cards, 3D tilt effect (perspective), staggered scroll-reveal, card content parallax, glass-morphism blur on dark mode","Card hover: scale(1.02) 200ms + shadow transition. Tilt: perspective(1000px) rotateX/Y(2deg) based on mouse position (JS). Stagger reveal: 100ms per card, fade-up 400ms. Video in card: autoplay muted on viewport enter. Glass: backdrop-blur(20px) bg-white/10.",Bento grid: collapses to single column (1x1 all cards) on mobile. Maintain card order by priority. Video cards: poster image on mobile (save bandwidth). Cards: full-width stacked. Touch: no tilt effect. Swipeable horizontal row option for key cards.,Cards: slate-800 with glass effect (bg-white/5 backdrop-blur-xl border-white/10). Icons: brand-400. Videos: work naturally on dark. Text: slate-100/300. Premium dark aesthetic.,Cards: role='article' or semantic sections. Headings: h2/h3 per card. Videos: captions + poster. Tilt effect: disabled for reduced motion. Cards: keyboard focusable with focus-visible ring. Grid: landmark region.,"⚡ Good. CSS Grid for layout. Cards: lightweight. Videos: lazy-load, poster first. Tilt: remove on mobile (saves CPU). Glass: GPU-accelerated. 3D tilt: throttled mousemove.",Apple-style information density without clutter. Scannable feature overview. Mixed card sizes create visual hierarchy (bigger = more important). Video inside cards = high engagement. Works for product launches. A/B test: bento vs alternating feature sections. Mobile: stack order matters.,Don't use without strong visual assets per card. Avoid if features are text-heavy (bento is visual). Not for simple products with <4 features. Skip video cards if they slow load >3s.
22,Horizontal Scroll Journey,"horizontal, scroll, journey, gallery, storytelling, panoramic, immersive, timeline, experience, sideways, creative",1. Vertical intro section → 2. Horizontal scroll track (the journey: 4-6 panels with story/features) → 3. Detail reveal at each panel → 4. Vertical footer with CTA,Floating sticky CTA (visible throughout horizontal scroll) or CTA at end of horizontal track. Skip button: 'Jump to pricing →'. Progress indicator: horizontal dots or bar. Each panel: optional micro-CTA.,Light: Continuous palette transition through panels (cool→warm or brand gradient). Progress: brand-500. Panel bg: alternating brand-50/white. Dark: panels: slate-900→slate-800 alternating. Accent colors per panel. Progress: brand-400 on slate-700.,"Scroll-jacking (transform: translateX synced to scrollY), parallax layers within panels, progress indicator, panel reveal animations, snap to panel centers, floating navigation dots",Horizontal transform: translateX synced to scroll via JS (60fps). Snap: scroll-snap-type or JS snap at panel boundaries. Panel content: fade-in when centered (opacity + scale). Progress: width synced to scroll %. Parallax: inner elements at 0.5 speed ratio. Dots: active dot scale 1.5x.,⚠ CRITICAL: Horizontal scroll is problematic on mobile. Options: A) Convert to vertical scroll + cards on mobile. B) Horizontal swipe with scroll-snap. C) Carousel. Never scroll-jack on mobile. Touch gestures must feel native.,"Panels: slate-900/850 alternating. Progress: brand-500 on slate-700. Content: slate-100 text, brand-400 accents. Navigation dots: white/brand-400.",Scroll-jacking: controversial for accessibility. Provide keyboard navigation between panels. Skip button: always visible. Reduced motion: show all panels as vertical stack. Screen reader: panels as sequential sections. Focus management on panel change.,⚠ Moderate. Scroll-jacking: custom JS (no heavy lib needed but careful implementation). 60fps is mandatory. Debounce/throttle scroll events. GPU-accelerate transforms. Parallax: will-change: transform.,"Immersive product discovery. High engagement (avg 2x time-on-page). BUT: users may not realize they can scroll horizontally (add visual affordance: peek next panel, scroll indicator). Keep 4-6 panels max. Navigation dots essential. Mobile: must test extensively.",Don't use on mobile-first sites. Avoid without clear scroll affordance. Not for information-heavy pages (users can't scan). Skip if audience expects conventional navigation. Problematic for accessibility if not implemented carefully.
23,Interactive 3D Configurator,"3d, configurator, customizer, interactive, product, personalize, build-your-own, design-yours, cad, customize","1. Hero: 3D configurator (full-width, interactive) → 2. Feature highlights (synced to config state) → 3. Price/specs (updates in real-time) → 4. Add to cart / Purchase CTA → 5. Gallery of pre-built configs",Inside configurator UI: 'Add to Cart' button (updates with price). Sticky bottom bar: price + CTA. Config summary sidebar. 'Share your design' button. Pre-built configs: 'Start from this'.,"Light: Neutral studio bg (#F5F5F5) for product focus. Config UI: minimal, floating panels. Price: bold brand. Active option: brand-500 ring. Dark: dark studio (#1A1A1A). UI: glass-morphism panels. Price: brand-400. Active: brand-400 ring.","Real-time 3D rendering (Three.js/R3F), material/color swap animation, camera orbit/zoom, light environment reflection, configuration option hover preview, price counter morph, share screenshot generation",Material swap: 300ms crossfade texture. Camera orbit: inertia-based (damping 0.05). Zoom: smooth scroll 200ms. Option select: ring appear 200ms + 3D model update. Price: 400ms morph animation. Screenshot: canvas capture + share API.,"2D fallback with image gallery (swipe between angles/colors). Config options: bottom sheet. Image updates on option change. Simplified options (fewer choices). Touch: pinch-to-zoom on 2D gallery. Performance budget: 2D first, 3D if device capable.",Dark studio: natural for 3D (products look best on dark). UI panels: glass on dark bg. Options: dark theme. Price: brand-400 on dark.,3D: keyboard orbit (arrow keys). Options: radio group pattern. Price: aria-live on change. 2D fallback: alt text per view. Gallery: keyboard navigable. Reduced motion: static angles.,"❌ Heavy. Three.js + models: significant payload. Lazy-load 3D scene after hero renders. Low-poly models. Texture compression (KTX2). Mobile: 2D fallback saves 500KB+. Progressive: show image, enhance to 3D. Target: <5s to interactive.",Increases ownership feeling and conversion. 360° view reduces return rates 35%. Real-time pricing eliminates surprise. Share design = viral loop. Pre-built configs: start point for undecided users. A/B test: 3D configurator vs static gallery.,Don't use without high-quality 3D models. Avoid on mobile-first audiences without 2D fallback. Not for low-cost products (development cost too high). Skip if load time >5s.
24,AI-Driven Dynamic Landing,"ai, dynamic, personalized, adaptive, generative, prompt, demo, try-it, interactive-ai, playground, instant-value",1. Prompt/input hero ('Try it now: type your...') → 2. Generated result preview (live demo) → 3. How it works (3 steps) → 4. Use cases / templates gallery → 5. Pricing → 6. CTA ('Start creating'),Input field IS the CTA (hero). 'Try it' / 'Generate' button. Template gallery: each template is a CTA. After result: 'Sign up to save'. Pricing: standard tier CTAs. Bottom: 'Start for free'.,Light: Dark mode default (compute/AI aesthetic). Input: bright focus ring on dark. Result: brand-accent highlighted. Neon accents: cyan/purple. Steps: lighter section for contrast. Dark: natural dark bg. Input: brand-500 glow. Result: bright text on dark. Gradient accents.,"Typing text effects in input, shimmer/loading during generation, result stream-in (token by token), morphing layouts, particle effects, template gallery hover preview, cursor blink in input",Input cursor: blink 1s infinite. Generate: shimmer loading bar 2s. Result stream: characters appear 30ms interval (like ChatGPT). Template hover: preview fade-in 200ms. Particle bg: 60fps GPU-accelerated. Morphing: 500ms layout transition.,"Input: full-width, large (56px height). Generate: full-width button below input. Results: below input (no split view on mobile). Templates: horizontal scroll. Reduce particle effects. Streaming works great on mobile.","Dark by default. Input: slate-800 bg, brand-500 focus glow. Results: slate-800 card, brand-400 highlights. Steps: slate-850 bg. Templates: slate-800 cards.","Input: proper label, placeholder as hint. Generate button: descriptive text. Streaming result: aria-live='polite'. Templates: keyboard navigable gallery. Loading: aria-busy='true'. Results: semantic output.","⚠ Moderate. AI API call: async, show loading state. Streaming: SSE or WebSocket. Particles: GPU-only, skip on low-end. Template images: lazy-load. LCP: render input + text immediately.","Immediate value demonstration = highest conversion for AI products. 'Show, don't tell' = try before signup. Free generation (1-3) before paywall. Template gallery: helps undecided users. Streaming effect: builds anticipation. A/B test: with vs without free trial generation.","Don't use if AI results are inconsistent/poor. Avoid if API latency >5s (users leave). Not for enterprise AI (they want demos, not playgrounds). Skip if free-tier generation is too costly."
25,Enterprise Gateway,"enterprise, corporate, gateway, solutions, portal, b2b-enterprise, multi-product, segmented, decision-tree",1. Hero (brand video/mission + dual CTA) → 2. Solutions by Industry (tab/grid) → 3. Solutions by Role (persona cards) → 4. Client logos (trust wall) → 5. Case studies preview → 6. Contact Sales CTA,Path selection: 'I am a...' (industry/role selector) routes to relevant content. Contact Sales: primary CTA (sticky). Login: secondary (nav). 'Request Demo': bottom CTA. Case study: 'Read more' per card.,Light: Navy #0F172A + slate palette. Conservative. Gold accents for premium. High integrity design. Logo wall: greyscale. Case studies: white cards. Dark: navy-950 bg. Gold-400 accents. Logos: white. Cards: slate-800.,"Slow-motion video background, logo carousel infinite, tab switching with crossfade, case study card hover lift, path selector animation, scroll-triggered stat counters","Video: 0.5 speed, autoplay muted. Logo carousel: 30s infinite linear. Tabs: content crossfade 200ms. Card hover: translateY(-4px) 200ms. Stats: 2s count-up on scroll. Path selector: slide-down 300ms reveal.",Path selector: dropdown or accordion on mobile. Industry/role: stacked tabs→accordion. Logos: horizontal scroll. Case studies: swipeable cards. Contact Sales: sticky bottom bar. Mega menu: mobile hamburger with sections.,"Navy-950 bg. Slate-100 text. Gold-400 accents. Logo wall: white logos on dark. Cards: slate-800. Conservative, authoritative.","Mega nav: ARIA menu pattern. Path selector: role='listbox'. Stats: aria-label with values. Video: captions, pause control. Logo wall: decorative (aria-hidden) or alt text per logo. Tab panels: standard ARIA tabs.","⚡ Good. Video: compressed, poster first. Logos: optimized SVG. Tabs: minimal JS. Stats: IntersectionObserver. No heavy framework needed.",Path selection reduces bounce (visitors self-segment). 'I am a [role] in [industry]' = personalized journey. Enterprise: lead qualification is the conversion (not signup). Client logos: 5-6 recognizable brands. Case studies: industry-matched. Contact Sales form: fewer fields = more leads.,Don't use for SMB audiences (too corporate). Avoid without real client logos. Not for single-product companies. Skip path selector if <3 distinct segments.
26,Portfolio Grid / Creative Showcase,"portfolio, grid, showcase, gallery, masonry, creative, designer, photographer, agency-work, case-study, projects","1. Hero (name/role + tagline, minimal) → 2. Project grid (masonry layout, filterable) → 3. About/philosophy → 4. Skills/tools → 5. Contact CTA",Project card hover: reveal title + CTA ('View project'). Footer: contact CTA. Filter buttons above grid. Individual project pages linked. About: 'Hire me' / 'Get in touch' CTA.,Light: Neutral bg (white or #FAFAFA) — let work shine. Text: near-black. Accent: minimal (one brand color). Hover overlays: dark 70% + white text. Dark: #0A0A0A bg. Hover: light 20% overlay or glass effect. Minimal UI chrome.,"Image lazy-load with blur-up reveal, hover overlay with slide-in info, lightbox/detail view, masonry layout animation, filter category morph, cursor follower on grid",Blur-up: placeholder 20px→full image 400ms. Hover overlay: opacity 0→1 200ms + text slide-up 30px. Masonry: layout shift 400ms on filter. Filter: items fade-out 200ms→reposition→fade-in 200ms. Lightbox: scale 0.9→1 300ms. Cursor: 60fps follow with lerp.,Grid: single column or 2-column on mobile. No masonry (stack vertically). Filter: horizontal scroll pills. Project cards: full-width images. Tap to view detail (no hover). About: stacked sections.,Dark: natural for portfolios. #0A0A0A bg. Project cards: no bg (image-only). Text: #E5E5E5. Accent: single brand color. Hover: glass overlay.,"Images: alt text per project (descriptive). Filter: aria role='tablist'. Grid: role='list'. Lightbox: focus trap, escape to close. Keyboard: tab between projects. Lazy images: placeholder alt text.","⚠ Moderate. Many images: lazy-load all. Masonry: CSS columns or lightweight JS. Blur-up: tiny placeholder (1KB). Images: WebP, responsive srcset. Lightbox: load full-res on demand. Cursor follower: remove on mobile.",Visuals first — let work speak. Fast loading essential (portfolio visitors have zero patience). Filter by category (helps recruiters/clients find relevant work). 3-4 best projects > 20 mediocre ones. Case study format: problem→process→result. Contact: make it easy.,Don't use for non-visual work. Avoid >20 projects in grid (curate ruthlessly). Not for developer portfolios without visual projects (use project-list pattern instead).
27,Webinar Registration,"webinar, registration, event, training, live, online-event, masterclass, workshop, demo-day, livestream",1. Hero: topic + speaker + countdown + registration form (right side) → 2. What you'll learn (3-5 bullets) → 3. Speaker bio + credibility → 4. Urgency / bonuses → 5. Registration form (repeated),Registration form: right side of hero (desktop) or below hero (mobile). 'Register Now' button. Urgency: 'Limited spots — X remaining'. Bonus: 'Register and get free [bonus]'. Bottom: anchor to form. Confirmation: calendar invite.,"Light: Professional navy/blue. Urgency elements: red/orange countdown. Speaker photo: warm, circular with brand border. Form: white bg, high contrast. Bonus: gold accent. Dark: slate-900. Countdown: red-400 digits. Speaker: brand-500 ring. Form: slate-800.","Countdown timer (days/hours/minutes/seconds), speaker photo gentle float, urgency ticker ('X spots remaining' updating), form validation animation, registration success celebration, calendar add animation",Countdown: flip 500ms per digit change. Speaker float: translateY 4px 3s infinite. Urgency ticker: number morph 300ms. Form validation: inline checkmark 200ms. Success: confetti 500ms + calendar icon slide-in. Bonus reveal: scale-in 300ms.,Form: full-width below hero (stacked). Speaker: circular photo above bio. Countdown: compact horizontal. Bullets: simple list. Urgency: bottom sticky bar with countdown + register button. Calendar: native calendar integration.,"Slate-900 bg. Countdown: red-400 on slate-800 cards. Speaker ring: brand-400. Form: slate-800, inputs slate-700. Success: green-400.","Countdown: aria-live='polite'. Form: proper labels, required fields. Speaker image: alt text. Registration: success confirmation screen-reader friendly. Timer: aria-label with time remaining.",⚡ Excellent. Countdown: lightweight JS. Form: native HTML. No heavy framework. Speaker image: optimized. Urgency: CSS animation.,Limited seats creates urgency (even if virtual). 'Live' indicator builds excitement. Speaker credibility drives registration. Bonus offer: +25% conversion. Auto-timezone detection. Reminder sequence: email 24h + 1h before. A/B test: with vs without countdown. Recording availability reduces urgency.,Don't use for on-demand content (no urgency). Avoid 'limited seats' for obviously unlimited virtual events (dishonest). Not for evergreen content (use course landing pattern).
28,Product Review / Rating Focused,"reviews, ratings, testimonials, social-proof, stars, ugc, user-generated, customer-reviews, trust, validation","1. Hero: product + aggregate rating (4.8★ from 2,500 reviews) → 2. Rating breakdown (bar chart: 5★ to 1★) → 3. Review filters (verified, most helpful) → 4. Individual review cards → 5. Buy/CTA alongside reviews",Buy button: sticky sidebar alongside reviews (desktop) or sticky bottom bar (mobile). Rating summary: 'See all reviews' link. Individual review: 'Helpful?' Yes/No. Write review: CTA for customers. Comparison: 'vs competitors' link.,"Light: Star ratings: amber-400 (#FBBF24). Verified badge: green-500. Rating bars: brand-500 fill on slate-200 track. Review cards: white. Helpful: green-500 thumb up. Sentiment: positive green, negative red, neutral grey. Dark: stars: amber-400. Cards: slate-800. Bars: brand-400.","Star fill animation left→right, rating bar fill on scroll, review filtering smooth transition, helpful vote animation (thumb bounce), photo lightbox, verified badge pop-in, sentiment indicator color",Stars: fill 150ms stagger per star. Bars: width fill 800ms stagger 100ms on scroll-in. Filter: cards fade-out 200ms→reposition→fade-in 200ms. Helpful: thumb scale 1→1.3→1 200ms + counter increment. Photo lightbox: scale 0.9→1 300ms. Badge: pop-in 200ms.,Sticky bottom buy bar with price + stars + CTA. Reviews: single column cards. Filters: horizontal scroll pills. Photos: horizontal scroll thumbnails. Rating breakdown: compact. Helpful: large touch targets.,Cards: slate-800. Stars: amber-400. Bars: brand-400 on slate-700. Verified: green-400. Helpful: green-400/red-400.,Stars: aria-label 'Rated X out of 5'. Rating bars: role='progressbar'. Review text: semantic markup. Helpful: aria-label 'Mark as helpful'. Photos: alt text. Filter: accessible listbox.,⚡ Good. Reviews: paginated or virtual scroll for many. Images: lazy-load thumbnails. Star SVGs: lightweight. Filter: minimal JS.,UGC builds trust more than marketing copy. Show verified purchases. Photo reviews: 2x more helpful votes. Filter by rating helps (even showing negatives builds trust). Respond to negative reviews. Star rating in hero: immediate trust signal. A/B test: reviews above vs below product info.,Don't use without real reviews. Avoid filtering out negative reviews (looks fake). Not for new products with <10 reviews (looks empty). Skip if ratings are below 3.5 (fix product first).
29,Community / Forum Landing,"community, forum, social, members, discussion, discord, circle, group, tribe, hub, network",1. Hero: community value prop + join CTA → 2. Popular topics/channels → 3. Active discussions preview → 4. Member showcase (photos + count) → 5. Benefits of joining → 6. Join CTA (repeated),"Join button: hero (primary, large) + after member showcase + bottom. Activity feed: 'Jump in' per discussion. Topics: click to preview. 'Already a member? Log in' secondary. Mobile: sticky bottom 'Join' bar.","Light: Warm, welcoming palette. Brand primary for actions. Member photos add humanity. Topic badges: category-colored. Activity indicators: green-500 online. Discussion cards: white on slate-50. Dark: warm slate-900. Member photos: ring brand-400. Topics: colored badges on dark. Activity: green-400.","Member avatar stagger animation, activity feed live ticker, topic hover preview, join celebration (confetti + welcome), member count tick-up, discussion card hover reveal, online indicator pulse",Avatars: stagger pop-in 50ms from left. Activity feed: new items slide-in 300ms from top. Topic hover: preview card fade-in 200ms. Join success: confetti 500ms + modal with welcome message. Counter: 1.5s count-up. Online pulse: scale 1→1.3 2s infinite subtle.,Topics: horizontal scroll pills. Discussions: card list (single column). Members: avatar strip (horizontal scroll). Benefits: icon list. Join: full-width CTA at multiple scroll points. Activity: condensed feed.,"Warm dark: slate-900 with warm accent. Cards: slate-800. Avatars: brand-400 rings on dark. Topics: colored badges on slate-800. Activity: green-400 pulse. Welcoming, not cold.",Activity feed: aria-live='polite'. Topics: aria role='list'. Discussions: article landmark. Join form: proper labels. Member photos: alt text with names. Online count: aria-label. Feed updates: polite announcement.,"⚡ Good. Static page with dynamic feel (CSS animations). Activity feed: pre-rendered, not live. Avatars: small optimized images. No real-time WebSocket needed for landing (fake it with CSS).","Show active community (member count, daily posts). 'Preview' content before joining reduces anxiety. Member photos = social proof. Activity feed: makes community feel alive. Benefits: what members get (not features). Easy onboarding: one-click join. A/B test: with vs without activity feed preview.",Don't use without genuine activity to show. Avoid fake member counts. Not for brand-new communities with <50 members (build critical mass first via invite-only).
30,Split Hero / Two-Panel,"split, hero, two-panel, side-by-side, asymmetric, visual-text, modern, balanced, duo, 50-50",1. Split hero (left: text + CTA / right: visual) → 2. Trust logos bar → 3. Features (alternating split sections) → 4. Social proof → 5. Bottom CTA,Left panel of hero: headline + subtext + primary CTA + secondary CTA (ghost). Sticky nav CTA. Feature sections: CTAs per section ('Learn more →'). Bottom: repeat hero CTA with urgency.,Light: Left panel: white bg. Right panel: brand-50 or product screenshot. Features: alternate white/slate-50 bg per section. CTA: brand-600. Dark: left: slate-900. Right: brand-900 tint or product on dark. Features: slate-900/slate-850 alternating.,Hero visual: subtle float animation or parallax. Feature sections: slide-in from alternating sides on scroll. Trust logos: fade-in stagger. CTA: scale + shadow on hover. Mobile: stack with image above text.,"Hero visual: float translateY 8px 4s infinite ease-in-out. Feature slide-in: 500ms from left/right alternating, IntersectionObserver threshold 0.2. Logos: opacity 0→1 stagger 100ms. CTA hover: scale(1.02) 150ms + shadow-xl.","Stack: image/visual above headline on mobile. Full-width both panels. Features: image above text per section. Maintain reading order: visual context first, then explanation. Bottom CTA: full-width.",Left: slate-900. Right: brand-900 tint or product with dark chrome. Features: slate-900/850. CTA: brand-400.,Hero: reading order (text before visual in DOM for screen readers). Feature images: descriptive alt text. Alternating layout: consistent heading hierarchy. CTA: descriptive text.,"⚡ Excellent. CSS grid/flexbox. Hero image: optimized, responsive srcset. Feature images: lazy-load below fold. No heavy JS. Fast paint.","Split layout creates visual balance and breathing room. 50/50 split: product visual gets equal weight to copy. Alternating sections: creates rhythm, easy scanning. Works for any product type. A/B test: image left vs image right in hero (usually image-right converts better for LTR readers).",Don't use for text-heavy value props without strong visuals. Avoid if product visual is weak. Not for content-heavy pages (splits waste horizontal space on dense info).
31,Product-Led Growth (PLG) ✦NEW,"plg, product-led, growth, free-trial, self-serve, try-before-buy, onboarding, activation, freemium, sign-up-free",1. Hero: value prop + 'Start Free' CTA (no credit card) → 2. Interactive demo / sandbox preview → 3. Social proof (logos + usage stats) → 4. How it works (3 steps to value) → 5. Features unlock (free vs paid comparison) → 6. 'Start Free' (repeated),'Start Free — No credit card required' as hero CTA (largest on page). Demo: 'Try in browser'. Features: 'Unlock with Pro'. Bottom: 'Start Free' repeat. Zero friction: email-only signup or OAuth buttons. In-product upgrade nudges.,"Light: Clean, product-focused. Brand primary for CTAs. Demo area: subtle bg #F8FAFC. Pricing comparison: green highlights for free tier. Upgrade: gold/brand accent. Dark: slate-900. Demo: slate-800. Free: green-400 badge. Pro: brand-400 badge.","Demo embed (live product iframe or interactive mockup), OAuth button animations, feature unlock preview (blur→clear on upgrade), usage counter animation, onboarding step progress, activation milestone celebrations",Demo load: skeleton 1.5s→content fade-in 300ms. OAuth buttons: slide-in stagger 100ms. Feature unlock: blur(10px)→blur(0) 500ms on hover preview. Usage counter: 1.5s count-up. Milestone: badge pop-in 300ms + subtle confetti.,CTA: full-width 'Start Free' prominent. Demo: simplified or screenshot on mobile. OAuth: stacked buttons full-width. Features: free/paid comparison cards stacked. Zero friction: minimal form fields.,Demo: works on dark naturally (product embeds). CTA: brand-400 on slate-900. Feature comparison: slate-800 cards. Free badge: green-400. Pro: brand-400.,"'No credit card' text: visible, not hidden. OAuth: proper ARIA labels. Demo: accessible or link to full experience. Feature comparison: semantic table. Signup: proper form markup.",⚠ Moderate. Demo embed: lazy-load iframe. OAuth: lightweight SDKs. Product preview: optimize for fast interactive. Target: <3s to 'Start Free' interaction.,Remove all friction to first value moment. 'No credit card' = 30% more signups. OAuth (Google/GitHub) = 50% less friction than email forms. Interactive demo: show value before signup. Activation metrics > vanity metrics. A/B test: with vs without demo. Conversion: signup→activation→upgrade funnel.,Don't use without a self-serve product. Avoid if product requires setup/training. Not for enterprise-only products. Skip if free tier is not genuinely useful.
32,Social Proof Wall ✦NEW,"social-proof, wall, testimonials, logos, reviews, tweets, ugc, wall-of-love, trust-wall, endorsements, press","1. Hero (bold claim + CTA) → 2. Logo wall (trusted by) → 3. Metric counters (users, revenue saved, etc) → 4. Testimonial masonry grid (mixed: quotes, tweets, videos, screenshots) → 5. Press mentions → 6. CTA ('Join them')","Hero: primary CTA. After logo wall: 'See why they chose us'. After testimonial wall: 'Join X,000 companies'. Bottom: final CTA with strongest testimonial quote alongside. Every CTA: social proof context.",Light: White bg for testimonials (content-first). Logo wall: greyscale #94A3B8. Metric counters: brand-600 numbers. Tweet embeds: native styling. Press: dark logos. Dark: slate-900. Logo wall: white logos. Cards: slate-800. Tweets: dark embed theme.,"Logo carousel infinite scroll, counter count-up on scroll, testimonial masonry load stagger, tweet embed fade-in, video testimonial play button pulse, press logo hover color reveal",Logo carousel: 25s infinite linear. Counters: 2s count-up IntersectionObserver. Masonry: stagger fade-up 100ms per card on scroll. Tweets: fade-in 300ms. Video play: pulse 2s infinite. Press hover: greyscale→color 200ms.,Logo wall: horizontal scroll ticker. Metrics: 2-column grid. Testimonials: single column cards. Press: horizontal scroll logos. Video: thumbnail→play on tap. CTA: sticky bottom bar.,Logo wall: white logos on slate-900. Cards: slate-800. Metrics: brand-400 numbers. Tweet embeds: dark mode. Press: white logos.,Logo wall: aria-hidden (decorative) or alt text. Metrics: aria-label with full numbers. Testimonials: blockquote with cite. Videos: captions. Carousel: pause on focus.,⚡ Good. Logos: SVG optimized. Testimonial images: lazy-load. Tweets: static screenshots (no embed JS). Video: poster first. Counter: IntersectionObserver.,"Social proof is the most powerful conversion lever. Mix formats: text quotes, tweets, video clips, screenshots. Show recognizable logos first. Metrics: specific numbers beat round numbers ('10,847' > '10,000+'). Press mentions add authority. A/B test: social proof above vs below features.",Don't use without genuine social proof. Avoid if logos/testimonials look manufactured. Not for stealth/pre-launch. Skip if total testimonials <6 (looks sparse in wall format).
33,Glassmorphism / Modern SaaS ✦NEW,"glassmorphism, glass, blur, modern, saas, frosted, translucent, premium-feel, backdrop-blur, 2024-design, trendy",1. Hero: gradient mesh bg + glass card (headline + CTA) → 2. Feature cards (glass effect) → 3. Dashboard preview (glass overlay UI) → 4. Testimonials → 5. Pricing (glass cards) → 6. Footer CTA,Hero glass card: primary CTA. Feature cards: 'Learn more →'. Dashboard preview: 'Try it free'. Pricing: per-card CTAs. All CTAs: solid brand color (not glass — CTAs must be clear and opaque).,Light: Bg: gradient mesh (brand-100→purple-50→cyan-50). Glass cards: bg-white/70 backdrop-blur(20px) border-white/30. CTA: solid brand-600 (never glassy). Text: slate-900 on glass. Dark: bg mesh: brand-950→purple-950→slate-950. Glass: bg-white/10 backdrop-blur(20px) border-white/10. CTA: solid brand-400.,"Glass card hover: bg-white/80 (brighten), subtle border glow, gradient mesh background animation (slow morph), dashboard UI elements float, frosted panel slide-in, light refraction on glass edges",Glass hover: bg-opacity 200ms. Mesh animation: 20s infinite ease morph (CSS @keyframes moving gradients). Dashboard float: translateY 8px 5s infinite per element staggered. Panel slide: from-bottom 400ms + backdrop-blur ramp-up. Border glow: box-shadow 200ms.,Glass effects: KEEP on mobile (they work well). Reduce mesh animation complexity (fewer gradient stops). Glass cards: full-width stacked. Dashboard: static screenshot (no float animation). Ensure text readability on all backgrounds.,Glass on dark = premium. Bg: dark gradient mesh. Cards: bg-white/5 border-white/10 backdrop-blur-xl. Text: white/90. CTA: solid brand-400. Natural premium dark mode.,"Glass: ensure text contrast meets WCAG AA minimum (4.5:1). Test readability on all gradient positions. CTAs: always solid (never transparent). Reduced motion: static glass cards, no mesh animation. High contrast mode: solid backgrounds.",⚠ Moderate. backdrop-filter: GPU-accelerated but costs paint. Limit glass layers (max 3-4 simultaneous). Mesh animation: CSS-only (no JS). Test on low-end devices. Fallback: solid color with opacity for non-supporting browsers.,"Glass morphism signals 'modern tech product'. Premium perception. Works best for SaaS, AI, fintech. CTA must be opaque and high-contrast (glass CTA = invisible CTA = zero conversion). A/B test: glass vs solid cards. Gradient mesh: use brand colors (builds identity).",Don't use for enterprise/corporate (too trendy). Avoid if text readability suffers. Not for content-heavy pages (glass behind long text is hard to read). Skip if target audience uses older browsers (backdrop-filter support).
34,Changelog / What's New ✦NEW,"changelog, whats-new, updates, release-notes, announcements, feature-launch, roadmap, version-history, product-updates","1. Hero: latest update (featured, large) → 2. Timeline of recent updates (cards, reverse-chronological) → 3. Categories (New, Improved, Fixed) → 4. Upcoming roadmap preview → 5. Subscribe to updates CTA",Latest update: 'Try it now' CTA. Each update: link to feature. Roadmap: 'Vote on next feature'. Subscribe: email form for update notifications. Bottom: 'See all updates' archive link.,Light: Timeline: left border brand-500. New: green-500 badge. Improved: blue-500 badge. Fixed: amber-500 badge. Cards: white on #FAFAFA bg. Dates: slate-400. Dark: timeline border: brand-400. Cards: slate-800. Badges: green-400/blue-400/amber-400. Dates: slate-500.,"Timeline draw on scroll, card stagger fade-in, badge pop-in, featured update hero slide-in, roadmap progress bars, subscribe form validation, category filter animation",Timeline border: draw-down on scroll (stroke-dashoffset). Cards: fade-up 400ms stagger 100ms. Badges: scale 0→1 200ms bounce. Featured: slide-in 500ms from left. Roadmap bars: width fill 800ms. Filter: cards fade 200ms→reposition→fade 200ms.,Timeline: left border simplified or hidden. Cards: full-width stacked. Categories: horizontal scroll filter pills. Featured: full-width hero card. Subscribe: sticky bottom or inline. Date grouping: sticky date headers.,Timeline border: brand-400 on slate-900. Cards: slate-800. Badges: colored on dark bg. Dates: slate-500. Clean dark editorial feel.,Timeline: aria-label='Product updates timeline'. Cards: article landmark. Badges: aria-label with category. Dates: time element. Filters: aria role. Subscribe: form accessibility.,⚡ Excellent. Static content. Timeline: CSS-only. Cards: HTML. Filter: minimal JS. No heavy framework. Fast page.,Changelogs build trust and engagement. Show momentum (frequent updates = active product). Category badges help scanning. Featured update: drives re-engagement. Subscribe: keeps users coming back. Roadmap: builds anticipation and reduces churn. A/B test: with vs without roadmap preview.,Don't use without regular updates to show. Avoid if update frequency is <1/month. Not for consumer products (users don't care about changelogs). Skip if updates are mostly bug fixes (looks bad).
35,Case Study / Success Story ✦NEW,"case-study, success-story, customer-story, results, roi, impact, transformation, proof, enterprise-proof, outcome",1. Hero: customer logo + headline result ('How [Company] achieved X') → 2. Challenge (the problem) → 3. Solution (your product implementation) → 4. Results (metrics with counters) → 5. Customer quote (video or text) → 6. CTA ('Get similar results'),Hero: 'Read full story' anchor. After results: 'Get similar results' CTA. Quote section: 'Talk to sales' CTA. Bottom: 'See more case studies' + primary CTA. Sidebar: sticky summary card with key metrics + CTA.,"Light: Professional, editorial. Customer brand color as accent (respect their brand). Metrics: brand-600 numbers. Quote: brand-50 bg. Challenge: warm/red tint. Solution: brand tint. Results: green tint. Dark: slate-900. Metrics: brand-400. Quote: slate-800. Section tints: subtle.","Metric counter count-up, challenge→solution→results scroll progression, customer video play, quote marks animation, results chart animation (bar/line grow), parallax customer photos",Counters: 2s count-up on scroll. Progression: color-coded sections fade-in 500ms. Video play: pulse 2s. Quote marks: scale 0→1 300ms. Chart bars: grow from bottom 800ms stagger 100ms. Photos: parallax 0.3 ratio.,Single column narrative. Metrics: horizontal scroll cards or 2-column grid. Video: full-width. Quote: large pull-quote. Sticky bottom CTA bar. Summary card: hide on mobile (content inline).,Slate-900 bg. Metric cards: slate-800. Chart: brand-400 bars on dark. Quote: slate-800 bg. Video: dark player. Editorial dark feel.,Metrics: aria-label with values. Video: captions. Quote: blockquote with cite. Charts: aria-label + data table alternative. Images: alt text. Heading hierarchy: proper h1-h3.,⚡ Excellent. Static content page. Counters: IntersectionObserver. Charts: CSS-only or lightweight. Video: lazy-load. No framework needed.,Case studies = highest-trust content for B2B. Specific metrics beat vague claims ('312% ROI' > 'great results'). Customer video testimonial: 2x engagement. Show timeline: problem→solution→results narrative. Link to related case studies. Gate behind form for lead generation (controversial but effective).,Don't use without customer permission. Avoid vague results. Not for B2C (testimonials are enough). Skip if metrics aren't impressive (wait for better outcomes).
36,Comparison / Alternative Page ✦NEW,"comparison, alternative, vs, versus, competitor, switch, migrate, compare-tools, head-to-head, knockout",1. Hero: 'Best [Competitor] Alternative' or '[You] vs [Competitor]' → 2. Quick verdict (3 key differentiators) → 3. Side-by-side comparison table → 4. Feature deep-dive (your advantages) → 5. Migration guide → 6. Switch CTA,Hero: 'Switch Now' CTA. After comparison: 'Start Free' CTA. Migration section: 'Import from [Competitor] in 1 click'. Bottom: urgency CTA. Competitor-specific CTAs: 'Coming from [X]? Here's what's different'.,"Light: Your column: brand-50 highlight with brand-500 header. Competitor: neutral slate-50, muted header. Wins: green-500 checkmarks. Losses: honest, slate-400 text. Migration: green-50 bg (positive action). Dark: your column: brand-900. Competitor: slate-800. Wins: green-400. Migration: green-900.","Winner badge animation per row, comparison table row highlights, feature checkmark stagger, migration step progress, switching CTA pulse, competitor logo greyscale→color on your column",Winner badge: pop-in 200ms. Row highlight: bg 150ms on hover. Checkmarks: draw 200ms stagger 50ms on scroll. Migration steps: sequential reveal 300ms each. CTA pulse: scale 1→1.03 2s subtle infinite.,Table: card-per-competitor view (stacked). Or horizontal scroll with sticky your-column. Migration steps: vertical list. Quick verdict: above table on mobile. Switch CTA: sticky bottom bar.,Your column: brand-900 accent. Competitor: slate-800. Table: slate-800/850 alternating. Wins: green-400. Migration: green-900 bg.,Table: proper HTML table. Checkmarks: aria-label. Competitor logos: alt text. Migration steps: ordered list. Accessible comparison for screen readers.,"⚡ Excellent. Static content. Table: CSS responsive. Checkmarks: SVG. No heavy JS. Fast, SEO-focused page.",Comparison pages capture competitor search traffic (high intent). Be factual and honest. Show where competitor wins too (builds trust). Migration ease reduces switching friction. 'Import your data in 1 click' = powerful. Create per-competitor comparison pages. A/B test: table vs narrative format.,Don't use if you lose most comparisons. Avoid dishonest comparisons. Not for category-creators. Be careful of competitor legal issues. Update regularly as competitors change.
37,Interactive Calculator / ROI ✦NEW,"calculator, roi, savings, estimator, cost-comparison, value-calculator, pricing-calculator, custom-quote, configurator","1. Hero: 'Calculate your savings' + calculator → 2. Interactive calculator (sliders + inputs) → 3. Results panel (real-time, visual) → 4. Comparison (current cost vs your product) → 5. CTA ('Get these savings')","Calculator inputs: instant results on change (no submit button). Results panel: 'Get Started' CTA with calculated value ('Save $X,XXX/year — Start Free'). Bottom: personalized CTA using calculator output. 'Email my results' as lead capture alternative.","Light: Calculator: white card + subtle shadow on #F8FAFC bg. Sliders: brand-500 track. Results: green-500 for savings, brand-600 for your cost. Chart: brand/green palette. Dark: calculator: slate-800. Sliders: brand-400 track on slate-700. Results: green-400 savings. Chart: bright on dark.","Slider thumb drag interaction, real-time results counter animation, savings chart grow animation, comparison bar race animation, confetti on big savings, email results form animation, personalized CTA text morph",Slider: real-time value update (no debounce). Results counter: 300ms morph on input change. Chart: bar grow 500ms on value change. Comparison: bar widths transition 400ms. Confetti: trigger when savings >$1000. CTA text: crossfade 200ms with new value.,Calculator: stacked inputs (full-width sliders). Results: below calculator (stacked). Chart: simplified (numbers > charts on mobile). Sliders: large thumb (44px). CTA: full-width with calculated value. 'Email results': full-width form.,Calculator card: slate-800. Sliders: brand-400 on slate-700. Results: green-400 savings. Chart: bright colors on dark. CTA: brand-400 with calculated value.,Sliders: role='slider' aria-valuemin/max/now. Results: aria-live='polite'. Chart: aria-label with values. Inputs: proper labels. CTA: descriptive text with calculated amount. Keyboard: slider arrow-key control.,⚡ Excellent. Lightweight JS for calculations. No framework needed. Charts: CSS-only bars. Sliders: native range inputs styled. Real-time: vanilla JS event listeners.,Interactive calculators generate 2x more qualified leads than static content. Personalized savings amount in CTA = highest conversion. 'Email my results' captures leads without hard sell. Show specific numbers (not ranges). Default values should show impressive but realistic savings. A/B test: calculator position (hero vs below fold).,Don't use without accurate calculation logic. Avoid if savings are minimal (embarrassing). Not for products without measurable ROI. Skip if inputs are too complex (>5 sliders = abandonment).
38,Multi-Product / Platform Landing ✦NEW,"multi-product, platform, suite, ecosystem, product-family, hub, portfolio, solutions, integrated, all-in-one",1. Hero: platform vision + CTA → 2. Product grid/cards (each product as a card) → 3. Integration/connection visualization → 4. Use case scenarios → 5. Enterprise CTA + Individual product CTAs,Platform hero: 'Explore the platform'. Individual product cards: 'Learn more about [Product]'. Integration: 'See how they work together'. Use cases: 'Start with [use case]'. Enterprise: 'Contact Sales for platform pricing'. Each card links to product-specific landing.,"Light: Each product: distinct color within brand family (blue, purple, teal, orange). Platform: brand primary. Cards: white with colored top-border per product. Integration visual: connecting lines brand-500. Dark: products: colored accents on slate-800 cards. Integration lines: brand-400. Bg: slate-900.","Product card hover lift + color intensify, integration lines animate (connecting dots), use case tab switching, platform diagram build animation, product icon morph, ecosystem orbit animation",Card hover: translateY(-4px) 200ms + border-top-color intensify. Integration lines: stroke-dashoffset draw on scroll 600ms. Tab switch: crossfade 200ms. Diagram: sequential node appear + line draw 100ms stagger. Orbit: 20s infinite rotation (subtle).,Product cards: horizontal scroll or stacked. Integration: simplified diagram or list. Use cases: accordion. CTA: sticky bottom 'Explore Platform'. Each product card: full-width on mobile with icon + description.,Platform: slate-900. Product cards: slate-800 with colored left-border. Integration: brand-400 lines on dark. Diagram: bright nodes on dark. Distinct but cohesive.,Product cards: role='article'. Integration diagram: aria-label description or data table alternative. Tabs: standard ARIA tab pattern. Diagram: fallback text description. Each product: accessible link.,⚡ Good. Static cards + minimal JS. Integration diagram: CSS/SVG. Tabs: lightweight. No heavy framework needed unless diagram is complex.,Platform story > individual products. Show integration value ('better together'). Use cases: help visitors self-segment. Product cards: clear value prop per product. Enterprise: qualify leads for platform deals. Free tier: lower barrier to enter ecosystem. A/B test: platform-first vs product-first messaging.,Don't use for single-product companies. Avoid if products don't integrate well. Not for early-stage with <2 products. Skip if products serve completely different audiences.
39,Onboarding / Activation Flow ✦NEW,"onboarding, activation, setup, wizard, getting-started, first-run, welcome, configuration, personalization, tutorial","1. Welcome step (personalization: name, role, goal) → 2. Setup step (connect accounts, import data) → 3. Quick win step (guided first action) → 4. Success celebration → 5. Dashboard redirect",Each step: 'Continue' primary CTA + 'Skip' secondary. Progress indicator: step dots or bar. Final: 'Go to Dashboard' CTA. Each step: contextual help. 'Skip' always available. Back button for corrections.,Light: Clean white bg. Progress: brand-500 dots/bar. Active step: brand-50 card. Completed: green-500 check. Icons: brand-500. Success: green-500 celebration. Dark: slate-900 bg. Progress: brand-400. Cards: slate-800. Completed: green-400. Success: green-400 + confetti.,"Step progress bar fill, card transition (slide-left), personalization option select animation, data import progress, quick-win guided highlight (tooltip pointer), success confetti + celebration, welcome name animation",Progress: width transition 400ms ease. Card slide: 300ms slide-left + fade. Option select: scale 1→1.05→1 200ms + ring. Import progress: bar fill smooth. Guided highlight: pulse ring 2s on target element. Confetti: 500ms burst. Name: typewriter 400ms.,"Full-screen steps (one step per screen). Progress: top bar (thin). Steps: centered content, large touch targets. Skip: top-right corner. Continue: full-width bottom button. Swipe between steps option.",Slate-900 bg. Progress: brand-400 on slate-700. Cards: slate-800. Options: brand-400 ring on select. Success: green-400 + confetti on dark. Welcoming dark theme.,Progress: role='progressbar'. Steps: aria-current='step'. Options: radio/checkbox groups. Skip: descriptive label. Success: aria-live announcement. Tab order: logical per step. Back: always available.,⚡ Excellent. Lightweight step logic. CSS transitions. No heavy framework needed. Progress: CSS. Confetti: lightweight lib or CSS.,Onboarding determines activation rate. 3-5 steps max. Show value in step 3 (quick win). Personalization in step 1 increases completion 30%. Skip button reduces frustration. Progress indicator reduces abandonment 25%. Celebrate completion (dopamine hit). A/B test: with vs without personalization step.,Don't use as landing page (this is post-signup). Avoid >5 steps. Not for simple products that don't need setup. Skip personalization if it doesn't change the experience.
40,Seasonal / Campaign Landing ✦NEW,"seasonal, campaign, limited-time, holiday, sale, promotion, black-friday, launch-day, flash-sale, time-limited, special-offer",1. Hero: offer headline + countdown + CTA → 2. Deal highlights (what's included) → 3. Before/after pricing (crossed-out original) → 4. Urgency (limited stock / time) → 5. Social proof (recent purchases) → 6. Final CTA with countdown,"Hero CTA: 'Claim Your Deal' (large, high-contrast). Sticky top bar: countdown + CTA. Bottom: final CTA repeating countdown. 'Recent purchase' toast notifications. Exit-intent popup (controversial but effective). Every CTA: shows deal value.",Light: Urgency: red/orange accents. Countdown: red-500 on dark badges. Original price: grey strikethrough. Sale price: red-600 large. CTA: high-contrast (green-600 or brand-600). Savings badge: yellow/gold. Dark: countdown: red-400 on slate-800. Sale price: red-400. CTA: green-400 or brand-400. Gold savings badge.,"Countdown timer (days:hours:min:sec), price strikethrough animation, savings badge pop-in, stock counter decrement, recent purchase toast (slide-in), confetti on CTA hover, urgency pulse on low stock, exit-intent popup slide-in","Countdown: flip animation 500ms. Strikethrough: line draw 300ms. Savings badge: scale 0→1.1→1 300ms bounce. Stock counter: number morph 400ms on decrement. Toast: slide-in from bottom-right 300ms, auto-dismiss 5s. Exit popup: fade-in 200ms + scale 0.95→1. Confetti: 300ms on CTA hover.","Countdown: compact horizontal (HH:MM:SS on mobile). Deal cards: stacked full-width. Sticky bottom bar: countdown + 'Claim Deal' CTA. Toast notifications: bottom bar on mobile. Pricing: large price, clear savings. Urgency: bold, above CTA.","Countdown: red-400 on slate-800. Savings badge: amber-400. CTA: high-contrast green-400 or brand-400 on dark. Price: red-400 sale, slate-500 original. Toast: slate-800 card.","Countdown: aria-live='polite'. Toast: role='status'. Prices: aria-label with original and sale values. CTA: descriptive ('Claim 50% Off Deal'). Exit popup: focus-trap, escape-to-close. Strikethrough: CSS (not image).",⚡ Excellent. Countdown: lightweight JS. Toast: CSS animation. No heavy framework. Exit intent: minimal JS listener. Fast page load is critical (users are impatient during sales).,Urgency + scarcity = highest conversion. Countdown creates 3x more conversions. Show savings amount AND percentage. Crossed-out original price is essential. Low stock warnings: effective but use honestly. Recent purchase toasts: social proof + urgency. Exit-intent: 10-15% recovery rate. A/B test: countdown position. Time-limit the campaign (real scarcity).,Don't use fake urgency (destroys trust). Avoid perpetual 'limited time' offers. Not for premium/luxury brands (sales cheapen perception). Skip exit-intent for mobile (annoying).