STT	Style Category	AI Prompt Keywords (Copy-Paste Ready)	CSS/Technical Keywords	Implementation Checklist	Design System Variables	AI Compatibility	Performance Budget	Accessibility Tier	Best For (Product Types)	Dark Mode CSS	Dark Mode Variables	Agent Readiness
1	Minimalism & Swiss Style	Design a minimalist landing page. Use: white space, geometric layouts, sans-serif fonts, high contrast, grid-based structure, essential elements only. Avoid shadows and gradients. Focus on clarity, functionality, and content hierarchy. Optimize for fast loading and AI-generated content blocks.	display: grid; gap: 2rem; font-family: sans-serif; color: #000 or #FFF; max-width: 1200px; clean borders; no box-shadow; container queries for responsive	☐ Grid-based layout 12-16 columns ☐ Typography hierarchy clear ☐ No unnecessary decorations ☐ WCAG AAA contrast verified ☐ Mobile responsive grid ☐ Container queries implemented ☐ Core Web Vitals optimized	--spacing: 2rem; --border-radius: 0px; --font-weight: 400-700; --shadow: none; --accent-color: single primary only; --content-width: min(1200px, 90vw)	High — clean structure ideal for AI content injection and dynamic layouts	LCP < 1.5s; CLS < 0.05; INP < 100ms; Total JS < 50KB	AA+ (AAA recommended)	SaaS, Documentation, Consulting, Legal, Banking, Government, Design Systems	color-scheme:dark; --bg:#0F172A; --text:#F1F5F9; --border:#334155; invert surfaces not brand	var(--dark-bg:#0F172A); var(--dark-surface:#1E293B); var(--dark-text:#F1F5F9); var(--dark-accent: brand+10%)	5/5 grid+clean=perfect AI injection
2	Neumorphism	Create a neumorphic UI with soft 3D effects. Use light pastels, rounded corners (12-16px), subtle soft shadows (multiple layers), no hard lines, monochromatic color scheme with light/dark variations. Embossed/debossed effect on interactive elements. Ensure sufficient contrast for accessibility.	border-radius: 12-16px; box-shadow: -5px -5px 15px rgba(0,0,0,0.1), 5px 5px 15px rgba(255,255,255,0.8); background: linear-gradient(145deg, color1, color2); transform: scale on press; color-contrast: 4.5:1+	☐ Rounded corners 12-16px consistent ☐ Multiple shadow layers (2-3) ☐ Pastel color verified ☐ Monochromatic palette checked ☐ Press animation smooth 150ms ☐ Contrast ratio 4.5:1+ verified ☐ Focus states visible	--border-radius: 14px; --shadow-soft-1: -5px -5px 15px; --shadow-soft-2: 5px 5px 15px; --color-light: #F5F5F5; --color-primary: single pastel; --focus-ring: 3px solid accent	Medium — works for form-heavy AI interfaces with clear input states	LCP < 2.5s; CLS < 0.1; INP < 150ms; Shadow renders < 16ms	AA (requires careful contrast management)	Healthcare, Mental Health, Senior Care, Beauty/Spa, Dental	color-scheme:dark; --bg:#1E1E1E; shadows:rgba(0,0,0,0.7)+rgba(60,60,60,0.3); pastels darken 20%	var(--dark-bg:#1E1E1E); var(--dark-shadow-dark:0.7); var(--dark-shadow-light:0.3); var(--dark-pastel:darken20%)	3/5 shadow complexity limits dynamic theming
3	Glassmorphism	Design a glassmorphic interface with frosted glass effect. Use backdrop blur (10-20px), translucent overlays (rgba 10-30% opacity), vibrant background colors, subtle borders, light source reflection, layered depth. Ensure text readability over blurred backgrounds. Support dark/light mode switching.	backdrop-filter: blur(15px); background: rgba(255,255,255,0.15); border: 1px solid rgba(255,255,255,0.2); -webkit-backdrop-filter: blur(15px); z-index layering; @media (prefers-color-scheme)	☐ Backdrop-filter blur 10-20px ☐ Translucent white 15-30% opacity ☐ Subtle border 1px light ☐ Vibrant background verified ☐ Text contrast 4.5:1 checked ☐ Fallback for no backdrop-filter ☐ Dark/light mode tested	--blur-amount: 15px; --glass-opacity: 0.15; --border-color: rgba(255,255,255,0.2); --background: vibrant color; --text-color: adaptive; --fallback-bg: solid color	High — layered depth works well for AI overlays, floating panels, and contextual suggestions	LCP < 2.5s; CLS < 0.1; Blur render < 8ms; GPU compositing required	AA (text over glass needs careful contrast)	Fintech, Smart Home, Spatial Computing, Hotel, Conference, Real Estate	color-scheme:dark; bg:rgba(0,0,0,0.25); border:rgba(255,255,255,0.1); blur unchanged; vibrant bg darkened	var(--dark-glass:rgba(0,0,0,0.25)); var(--dark-border:rgba(255,255,255,0.1)); var(--dark-vibrant:darken40%)	4/5 layered panels ideal for AI overlays
4	Brutalism	Create a brutalist design with raw, unpolished, stark aesthetic. Use pure primary colors (red, blue, yellow), black & white, no smooth transitions (instant), sharp corners, bold large typography, visible grid lines, system fonts, intentional asymmetry. Prioritize content over decoration.	border-radius: 0px; transition: none; font-family: system-ui or monospace; font-weight: 700+; border: 2-4px solid; colors: #FF0000, #0000FF, #FFFF00, #000, #FFF; mix-blend-mode for overlaps	☐ No border-radius (0px) ☐ No transitions (instant) ☐ Bold typography (700+) ☐ Pure primary colors used ☐ Visible grid/borders ☐ Asymmetric layout intentional ☐ System fonts only (fast load)	--border-radius: 0px; --transition-duration: 0s; --font-weight: 700-900; --colors: primary only; --border-style: visible; --grid-visible: true; --font: system-ui	Low — raw aesthetic conflicts with polished AI interfaces; use for creative/experimental AI tools	LCP < 1.0s; CLS < 0.05; Total CSS < 20KB; Zero JS animations	AA (high contrast inherent)	Creative Agency, Marketing Agency, Portfolio, Coding Bootcamp	Already dark-native; bg:#000; border:3px solid #FFF; stark contrast preserved	Inherently dark; no dark vars needed; same tokens	2/5 raw aesthetic limits polished AI content
5	3D & Hyperrealism	Build an immersive 3D interface using realistic textures, 3D models (Three.js/React Three Fiber), complex shadows, realistic lighting, parallax scrolling (3-5 layers), physics-based motion. Include skeuomorphic elements with tactile detail. Optimize for WebGPU where available.	transform: translate3d; perspective: 1000px; WebGL/WebGPU canvas; Three.js/R3F; box-shadow: complex multi-layer; filter: drop-shadow(); will-change: transform; loading=lazy for 3D assets	☐ WebGL/Three.js integrated ☐ 3D models optimized (glTF/draco) ☐ Parallax 3-5 layers ☐ Realistic lighting verified ☐ Complex shadows rendered ☐ Physics animation 300-400ms ☐ WebGPU fallback to WebGL ☐ Loading states for 3D	--perspective: 1000px; --parallax-layers: 5; --lighting-intensity: realistic; --shadow-depth: 20-40%; --animation-duration: 300-400ms; --3d-format: glTF	Medium — useful for digital twins, product configurators, and spatial AI visualization	LCP < 3.0s; 3D FPS > 30; Asset budget < 5MB; Progressive loading required	A (complex visuals may challenge accessibility)	Gaming, Automotive, Architecture, Space Tech, Digital Twin, Construction	color-scheme:dark; WebGL lighting shift; ambient occlusion up; shadow 40%; env-map darker	var(--dark-ambient:increased); var(--dark-shadow:40%); var(--dark-env:night); var(--dark-bg:#080808)	3/5 3D complexity needs WebGL knowledge
6	Vibrant & Block-based	Design an energetic, vibrant interface with bold block layouts, geometric shapes, high color contrast, large typography (32px+), animated background patterns, duotone effects. Use 4-6 contrasting colors from complementary/triadic schemes. Scroll-snap for section navigation.	display: grid; gap: 48px+; font-size: clamp(24px, 4vw, 48px); background: animated patterns; color: vibrant; animation: continuous pattern; scroll-snap-type: y mandatory	☐ Block layout with 48px+ gaps ☐ Large typography 32px+ ☐ 4-6 vibrant colors max ☐ Animated patterns active ☐ Scroll-snap enabled ☐ High contrast verified (7:1+) ☐ Fluid typography (clamp)	--block-gap: 48px; --typography-size: clamp(24px, 4vw, 48px); --color-palette: 4-6 vibrant; --animation: continuous pattern; --contrast-ratio: 7:1+; --scroll-snap: mandatory	Medium — bold sections work for AI feature showcases and comparison blocks	LCP < 2.0s; CLS < 0.1; Animation FPS > 60; CSS animations preferred	AA+ (high contrast inherent)	E-commerce, Startup, Creator Economy, Sports, Event Management, Subscription Box	color-scheme:dark; bg:#0F172A; blocks:saturated vibrant; text:#F8FAFC; contrast 7:1+	var(--dark-bg:#0F172A); var(--dark-block:saturated); var(--dark-text:#F8FAFC); var(--dark-contrast:7:1+)	4/5 bold blocks=easy AI section generation
7	Dark Mode (OLED)	Create an OLED-optimized dark interface with deep black (#000000), dark grey (#121212), accent colors. Use minimal glow effects, vibrant neon accents, high contrast text (15:1+). Optimize for eye comfort, OLED power saving, and extended viewing sessions. Support system dark mode preference.	background: #000000 or #121212; color: #FFFFFF or #E0E0E0; text-shadow: 0 0 10px neon (sparingly); color-scheme: dark; @media (prefers-color-scheme: dark); scrollbar-color: dark	☐ Deep black #000000 or #121212 ☐ Vibrant neon accents used ☐ Text contrast 15:1+ ☐ Minimal glow effects ☐ OLED power optimization ☐ No white backgrounds ☐ System dark mode respected ☐ Scrollbar styled dark	--bg-black: #000000; --bg-dark-grey: #121212; --text-primary: #FFFFFF; --accent-neon: vibrant; --glow-effect: minimal; --oled-optimized: true; --scrollbar: dark	High — dark mode is standard for AI dashboards, code tools, and monitoring interfaces	LCP < 2.0s; CLS < 0.05; Glow renders < 8ms; Reduced paint area	AAA (high contrast natural)	Developer Tools, Cybersecurity, Music Streaming, Video Streaming, Analytics, Coding Bootcamp	Already OLED-native; extend pure-black #000; scrollbar dark; selection neon	Already primary dark; var(--oled:#000); var(--surface:#0A0A0A); var(--neon:enhanced); var(--selection:neon)	5/5 dark mode IS the AI dashboard default
8	Accessible & Ethical	Design with WCAG AAA compliance. Include: high contrast (7:1+), large text (16px+), keyboard navigation, screen reader compatibility, focus states (3-4px ring), semantic HTML, ARIA labels, skip links, reduced motion support, 48x48px touch targets, voice navigation support.	color-contrast: 7:1+; font-size: 16px+; outline: 3-4px on :focus-visible; aria-label; role; @media (prefers-reduced-motion: reduce); touch-target: 48x48px; :focus-within styling	☐ WCAG AAA verified ☐ 7:1+ contrast checked ☐ Keyboard navigation tested ☐ Screen reader tested (NVDA/VoiceOver) ☐ Focus visible 3-4px ☐ Semantic HTML used ☐ Touch targets 48x48px ☐ Voice nav tested ☐ Reduced motion respected	--contrast-ratio: 7:1; --font-size-min: 16px; --focus-ring: 3-4px; --touch-target: 48x48px; --wcag-level: AAA; --keyboard-accessible: true; --voice-nav: supported	Very High — essential for AI-powered accessibility tools and inclusive AI interfaces	LCP < 2.0s; CLS < 0.05; INP < 100ms; No layout shifts on interaction	AAA (by definition)	Government, Healthcare, Banking, Senior Care, Non-profit, Education, Legal	color-scheme:dark; bg:#121212; text:#F5F5F5; contrast 7:1+ maintained; focus-ring light 3px	var(--dark-bg:#121212); var(--dark-text:#F5F5F5); var(--dark-contrast:7:1+); var(--dark-focus:light-ring)	5/5 accessibility-first=universal AI interface
9	Claymorphism	Design a playful, toy-like interface with soft 3D, chunky elements, bubbly aesthetic, rounded edges (16-24px), thick borders (3-4px), double shadows (inner + outer), pastel colors, smooth bounce animations. Ideal for children's apps, onboarding flows, and creative tools.	border-radius: 16-24px; border: 3-4px solid; box-shadow: inset -2px -2px 8px, 4px 4px 8px; background: pastel-gradient; animation: cubic-bezier(0.34, 1.56, 0.64, 1)	☐ Border-radius 16-24px ☐ Thick borders 3-4px ☐ Double shadows (inner+outer) ☐ Pastel colors used ☐ Soft bounce animations ☐ Playful interactions ☐ Touch-friendly targets 48px+	--border-radius: 20px; --border-width: 3-4px; --shadow-inner: inset -2px -2px 8px; --shadow-outer: 4px 4px 8px; --color-palette: pastels; --animation: bounce; --touch-target: 48px	Medium — playful style suits AI onboarding, educational AI, and gamified interfaces	LCP < 2.0s; CLS < 0.1; Animation budget: 5 concurrent max; CSS animations only	AA (ensure pastel contrast)	Educational App, Language Learning, Childcare, Pet Tech, Adaptive Learning	color-scheme:dark; bg:#1A1A2E; pastels muted 30%; border lighter shade; inner-glow subtle	var(--dark-bg:#1A1A2E); var(--dark-pastel:muted30%); var(--dark-border:lighter); var(--dark-glow:subtle)	3/5 playful; best for educational AI agents
10	Aurora UI	Create a vibrant gradient interface inspired by Northern Lights with mesh gradients, smooth color blends, flowing animations. Use complementary color pairs, flowing background gradients, subtle continuous animations (8-12s loops), iridescent effects. Ensure text remains readable over gradients.	background: conic-gradient or radial-gradient; animation: @keyframes gradient 8-12s infinite; background-size: 400% 400%; filter: saturate(1.2); mix-blend-mode: screen; color: high contrast over gradient	☐ Mesh/flowing gradients applied ☐ 8-12s animation loop ☐ Complementary colors used ☐ Smooth color transitions ☐ Iridescent effect subtle ☐ Text contrast verified over all gradient states ☐ GPU composited	--gradient-colors: complementary pairs; --animation-duration: 8-12s; --blend-mode: screen; --color-saturation: 1.2; --effect: iridescent; --text-contrast: verified over gradient	Medium — gradient backgrounds work for AI-powered creative tools and immersive experiences	LCP < 2.5s; CLS < 0.1; Gradient animation FPS > 60; GPU compositing required	AA (text over gradients needs solid backing)	Travel, Dating, Creator Economy, Wedding, NFT/Web3, Generative Art	color-scheme:dark; gradient on #0A0A20; iridescent brighter; text solid-bg pill	var(--dark-base:#0A0A20); var(--dark-gradient:deeper); var(--dark-iridescent:brighter); var(--dark-text-pill:solid)	3/5 gradient complexity; agent needs GPU awareness
11	Retro-Futurism	Build a retro-futuristic (cyberpunk/vaporwave) interface with neon colors (cyan, magenta, electric blue), deep black background, 80s aesthetic, CRT scanlines, glitch effects, neon glow, monospace fonts, geometric patterns. Balance nostalgia with modern performance.	color: #0080FF, #FF006E, #00FFFF; text-shadow: 0 0 10px neon; background: #000 or #1A1A2E; font-family: monospace; animation: glitch (skew+offset); filter: hue-rotate; image-rendering: auto	☐ Neon colors used ☐ CRT scanlines effect ☐ Glitch animations active ☐ Monospace font ☐ Deep black background ☐ Glow effects applied ☐ 80s patterns present ☐ Reduced motion alternative	--neon-colors: #0080FF #FF006E #00FFFF; --background: #000000; --font-family: monospace; --effect: glitch+glow; --scanline-opacity: 0.3; --reduced-motion: static fallback	Low — niche aesthetic; use for gaming, crypto, and experimental AI interfaces	LCP < 2.5s; CLS < 0.15; Glitch animation budget: 3 elements max; Filter renders < 16ms	A (neon on dark can be harsh; test carefully)	Gaming, Fintech/Crypto, NFT/Web3, Cybersecurity	Already dark-native; neon +10% brightness; scanline 0.15; glow stronger; bg:#0A0A10	Already dark; var(--dark-neon:+10%); var(--dark-scanline:0.15); var(--dark-glow:stronger); var(--dark-bg:#0A0A10)	2/5 niche retro; limited agent utility
12	Flat Design	Create a flat, 2D interface with bold colors, no shadows/gradients, clean lines, simple geometric shapes, icon-heavy, typography-focused, minimal ornamentation. Use 4-6 solid bright colors. Prioritize fast loading and content clarity. Ideal for data-heavy and utility interfaces.	box-shadow: none; background: solid color; border-radius: 0-4px; fill: solid; stroke: 1-2px; font: bold sans-serif; icons: simplified SVG inline; color: solid high-saturation	☐ No shadows/gradients ☐ 4-6 solid colors max ☐ Clean lines consistent ☐ Simple shapes used ☐ Icon-heavy layout ☐ High saturation colors ☐ Fast loading verified ☐ SVG icons inline	--shadow: none; --color-palette: 4-6 solid; --border-radius: 2px; --gradient: none; --icons: inline SVG; --animation: minimal 150-200ms; --font: bold sans-serif	High — clean flat structure is ideal for AI-generated layouts and dynamic content	LCP < 1.5s; CLS < 0.05; Total CSS < 30KB; Zero render-blocking resources	AA+ (inherently accessible with proper contrast)	Productivity, Job Board, Marketplace, Logistics, Pharmacy, Home Services	color-scheme:dark; bg:#1A1A1A; same saturation; icons light fill; SVG stroke:#E0E0E0	var(--dark-bg:#1A1A1A); var(--dark-text:#FAFAFA); var(--dark-icon:light-fill); var(--dark-stroke:#E0E0E0)	5/5 flat+fast=ideal agent-generated layouts
13	Skeuomorphism	Design a realistic, textured interface with 3D depth, real-world metaphors (leather, wood, metal), complex gradients (8-12 stops), realistic shadows, grain/texture overlays, tactile press animations. Use for premium/luxury products where tactile feel matters.	background: complex gradient 8-12 stops; box-shadow: realistic multi-layer; background-image: texture overlay (noise, grain); filter: drop-shadow; transform: scale on press 300-500ms	☐ Realistic textures applied ☐ Complex gradients 8-12 stops ☐ Multi-layer shadows ☐ Texture overlays present ☐ Tactile animations smooth ☐ Depth effect pronounced ☐ Texture assets optimized (WebP/AVIF)	--gradient-stops: 8-12; --texture-overlay: noise+grain; --shadow-layers: 3+; --animation-duration: 300-500ms; --depth-effect: pronounced; --texture-format: WebP/AVIF	Low — heavy visual style conflicts with dynamic AI content; use sparingly for premium accents	LCP < 3.0s; Texture assets < 500KB total; CLS < 0.1; Lazy-load textures	A (textures can reduce readability)	Luxury Brand, Brewery/Winery, Photography, Premium E-commerce	color-scheme:dark; textures darken; gradients deepen; grain overlay lighter; tactile preserved	var(--dark-texture:darken); var(--dark-gradient:deep); var(--dark-grain:lighter); var(--dark-depth:preserved)	2/5 heavy visuals conflict with dynamic AI
14	Liquid Glass	Create a premium liquid glass effect with morphing shapes, flowing animations, chromatic aberration, iridescent gradients, smooth 400-600ms transitions. Use SVG morphing, dynamic blur, smooth color transitions. Ideal for premium brands and immersive product pages.	animation: morphing SVG paths 400-600ms; backdrop-filter: blur + saturate; filter: hue-rotate + brightness; mix-blend-mode: screen; background: iridescent gradient; will-change: filter	☐ Morphing animations 400-600ms ☐ Chromatic aberration applied ☐ Dynamic blur active ☐ Iridescent gradients ☐ Smooth color transitions ☐ Premium feel achieved ☐ GPU composited ☐ Fallback for low-end devices	--morph-duration: 400-600ms; --blur-amount: 15px; --chromatic-aberration: true; --iridescent: true; --blend-mode: screen; --gpu-composited: true; --fallback: simplified static	Medium — premium feel works for AI-powered product configurators and luxury experiences	LCP < 3.0s; SVG morph < 16ms per frame; Filter budget: 2 concurrent; GPU required	AA (ensure text readability over effects)	Luxury Brand, Hotel, E-commerce Luxury, Automotive, Premium Brand	color-scheme:dark; morph on #080818; chromatic brighter; iridescent on dark base; blur deeper	var(--dark-morph-bg:#080818); var(--dark-chromatic:brighter); var(--dark-iridescent:dark-base); var(--dark-blur:deeper)	3/5 premium feel for AI product configurators
15	Motion-Driven	Build an animation-heavy interface with scroll-triggered animations, microinteractions, parallax scrolling (3-5 layers), smooth transitions (300-400ms), entrance animations, page transitions. Use Intersection Observer, View Transitions API, GPU acceleration. Respect reduced motion preferences.	animation: scroll-reveal; transform: translateY/X; Intersection Observer; will-change: transform; scroll-behavior: smooth; view-transition-name; @media (prefers-reduced-motion: reduce)	☐ Scroll animations active ☐ Parallax 3-5 layers ☐ Entrance animations smooth ☐ Page transitions fluid ☐ GPU accelerated ☐ Prefers-reduced-motion respected ☐ View Transitions API used ☐ No layout thrashing	--animation-duration: 300-400ms; --parallax-layers: 5; --scroll-behavior: smooth; --gpu-accelerated: true; --view-transition: enabled; --reduced-motion: static fallback	Medium — animations enhance AI reveal moments, loading states, and progressive disclosure	LCP < 2.5s; CLS < 0.1; Animation FPS > 60; JS animation budget < 30KB	AA (provide reduced motion alternatives)	Creative Agency, Travel, Portfolio, Photography, Brewery, Museum, Sports	color-scheme:dark; bg:#0F172A; scroll-reveals on dark; parallax surfaces darker; GPU accelerated	var(--dark-bg:#0F172A); var(--dark-reveal:fade-up); var(--dark-parallax:darker); var(--dark-gpu:true)	3/5 animations enhance AI progressive disclosure
16	Micro-interactions	Design with delightful micro-interactions: 50-100ms animations, gesture responses, tactile feedback, loading states, success/error states, subtle hover effects, haptic triggers. Focus on responsive, contextual interactions that guide users through AI-powered workflows.	animation: 50-100ms; transition: hover states; @media (hover: hover); :active for press; Vibration API for haptic; loading: skeleton screens; :has() for state-based styling	☐ Micro-animations 50-100ms ☐ Gesture-responsive ☐ Tactile feedback visual/haptic ☐ Skeleton loading screens ☐ Success/error states clear ☐ Hover effects subtle ☐ :has() selector used ☐ Haptic API integrated	--micro-duration: 50-100ms; --gesture-responsive: true; --haptic-feedback: true; --loading: skeleton; --state-feedback: success+error+loading; --hover: subtle transform	Very High — micro-interactions are essential for AI feedback loops, streaming responses, and agent status	LCP < 2.0s; INP < 50ms; Animation budget: 10 concurrent micro; No main thread blocking	AA (ensure state changes are perceivable)	Productivity, SaaS, AI Platforms, Dating, Social Media, Fitness	color-scheme:dark; bg:#121212; skeleton dark (#1E1E1E); states:neon indicators; haptic unchanged	var(--dark-bg:#121212); var(--dark-skeleton:#1E1E1E); var(--dark-state:neon); var(--dark-haptic:unchanged)	5/5 micro-interactions essential for AI feedback
17	Inclusive Design	Design for universal accessibility: high contrast (7:1+), large text (16px+), keyboard-only navigation, screen reader optimization, WCAG AAA, symbol-based indicators (not color-only), haptic feedback, voice interaction, reduced motion, cognitive load reduction, plain language.	aria-* complete; role semantic; focus-visible: 3-4px; contrast: 7:1+; @media (prefers-reduced-motion); @media (prefers-contrast: more); alt text all images; form labels associated; lang attribute	☐ WCAG AAA verified ☐ 7:1+ contrast all text ☐ Keyboard accessible ☐ Screen reader tested ☐ Focus visible 3-4px ☐ No color-only indicators ☐ Haptic fallback ☐ Voice nav supported ☐ Cognitive load minimized	--contrast-ratio: 7:1; --font-size: 16px+; --keyboard-accessible: true; --sr-compatible: true; --wcag-level: AAA; --color-symbols: true; --haptic: enabled; --cognitive-load: minimal	Very High — inclusive design is foundational for AI accessibility tools and universal AI interfaces	LCP < 1.5s; CLS < 0.05; INP < 100ms; Zero JS required for core content	AAA (by definition)	Government, Senior Care, Healthcare, Non-profit, Banking, Education, AI Accessibility	color-scheme:dark; bg:#121212; text:#F5F5F5; 7:1+ contrast; symbols inverted; voice unchanged	var(--dark-bg:#121212); var(--dark-text:#F5F5F5); var(--dark-symbols:inverted); var(--dark-wcag:AAA)	5/5 inclusive design foundational for AI a11y
18	Zero Interface	Create a voice-first, gesture-based, AI-driven interface with minimal visible UI, progressive disclosure, voice recognition, gesture detection, AI predictions, smart suggestions, context-aware actions. Hide controls until needed. Design for ambient computing and agent-first interactions.	Web Speech API; touch/gesture events; progressive-disclosure: show on demand; minimal visible UI; @media (prefers-reduced-data); container queries; popover API for contextual UI	☐ Voice commands responsive ☐ Gesture detection active ☐ AI predictions contextual ☐ Progressive disclosure working ☐ Minimal visible UI ☐ Smart suggestions contextual ☐ Popover API for on-demand UI ☐ Agent handoff states	--voice-ui: enabled; --gesture-detection: active; --ai-predictions: contextual; --progressive-disclosure: true; --visible-ui: minimal; --context-aware: true; --agent-mode: supported	Essential — this IS the AI-native interface pattern; designed for agent-first and ambient computing	LCP < 1.0s; INP < 50ms; Voice latency < 200ms; Minimal DOM nodes	AA (ensure discoverability of hidden controls)	Personal AI Assistant, Voice AI, Smart Home, Spatial Computing, AI Copilot	color-scheme:dark; minimal UI on #000; voice/gesture unchanged; progressive disclosure on dark	var(--dark-bg:#000); var(--dark-ui:minimal); var(--dark-voice:unchanged); var(--dark-disclosure:dark-bg)	5/5 this IS the AI-native agent pattern
19	Soft UI Evolution	Design evolved neumorphism with improved contrast (WCAG AA+), modern aesthetics, subtle depth, accessibility focus. Softer than flat but clearer than pure neumorphism. Better color hierarchy, improved focus states, modern 200-300ms animations. Ideal for calm, professional interfaces.	box-shadow: 0 2px 4px multi-layer; background: improved contrast pastels; border-radius: 8-12px; animation: 200-300ms; outline: 2-3px on focus; contrast: 4.5:1+; color-mix() for palette	☐ Improved contrast AA/AAA ☐ Soft shadows modern ☐ Border-radius 8-12px ☐ Animations 200-300ms ☐ Focus states visible ☐ Color hierarchy clear ☐ color-mix() for consistent palette	--shadow-soft: modern blend; --border-radius: 10px; --animation-duration: 200-300ms; --contrast-ratio: 4.5:1+; --color-hierarchy: improved; --wcag-level: AA+; --color-mix: supported	High — calm aesthetic works well for AI wellness apps, professional dashboards, and enterprise tools	LCP < 2.0s; CLS < 0.05; Shadow renders < 8ms; CSS-only animations preferred	AA+ (designed for improved accessibility)	Mental Health, Beauty/Spa, Wedding, Hotel, Cleaning Service, Senior Care, Enterprise Wellness	color-scheme:dark; bg:#1A1A2E; soft shadows lightened; improved contrast maintained; calm dark	var(--dark-bg:#1A1A2E); var(--dark-shadow:light-blend); var(--dark-contrast:4.5:1+); var(--dark-calm:true)	4/5 calm aesthetic for AI wellness/enterprise
20	Bento Box Grid	Design a Bento Grid layout with modular grid system, rounded corners (16-24px), varied card sizes (1x1, 2x1, 2x2, 3x1), card-based hierarchy, soft backgrounds, subtle borders, content-first approach. Apple-style aesthetic. Use CSS Subgrid for nested alignment.	display: grid; grid-template-columns: repeat(auto-fit, minmax()); gap: 1rem; border-radius: 20px; background: #FFF; subgrid for nested; container queries for card responsiveness	☐ CSS Grid layout ☐ Rounded corners 16-24px ☐ Varied card spans ☐ Content fits card size ☐ Responsive re-flow ☐ Apple-like aesthetic ☐ Subgrid for alignment ☐ Container queries per card	--grid-gap: 20px; --card-radius: 24px; --card-bg: #FFFFFF; --page-bg: #F5F5F7; --shadow: soft; --subgrid: enabled; --container-query: per-card	High — modular grid is perfect for AI-generated content blocks, feature comparisons, and dynamic layouts	LCP < 2.0s; CLS < 0.05; Grid paint < 16ms; Lazy-load card content	AA (ensure card content meets contrast)	SaaS, Digital Products, Creator Economy, Membership, AI Platforms, Feature Showcases	color-scheme:dark; bg:#0A0A0A; cards:#1E1E1E; rounded corners 24px; subtle border #333	var(--dark-bg:#0A0A0A); var(--dark-card:#1E1E1E); var(--dark-radius:24px); var(--dark-border:#333)	5/5 modular grid perfect for AI content blocks
21	Neubrutalism	Design a neubrutalist interface with high contrast, hard black borders (3px+), bright pop colors, no blur, sharp corners, bold typography, hard shadows (offset 4px 4px), raw but functional aesthetic. Modern take on brutalism with better usability.	border: 3px solid black; box-shadow: 5px 5px 0px black; colors: #FFDB58 #FF6B6B #4ECDC4; font-weight: 700; no gradients; no blur; accent-color for form elements	☐ Hard borders 2-4px ☐ Hard offset shadows ☐ High saturation colors ☐ Bold typography ☐ No blurs/gradients ☐ Distinctive aesthetic ☐ Form elements styled with accent-color ☐ Functional despite raw look	--border-width: 3px; --shadow-offset: 4px; --shadow-color: #000; --colors: high saturation; --font: bold sans; --accent-color: pop color; --blur: none	Medium — bold style works for AI tool landing pages and developer-focused products	LCP < 1.5s; CLS < 0.05; Total CSS < 25KB; Zero animations	AA+ (high contrast inherent)	Coding Bootcamp, Developer Tools, Marketing Agency, Cybersecurity, No-Code Platforms	color-scheme:dark; bg:#0A0A0A; hard borders #FFF; bright pop on dark; shadows:4px 4px 0 #FFF	var(--dark-bg:#0A0A0A); var(--dark-border:#FFF); var(--dark-shadow:4px 4px 0 #FFF); var(--dark-pop:bright)	3/5 bold for AI tool landing pages
22	HUD / Sci-Fi FUI	Design a futuristic HUD (Heads-Up Display) or FUI. Use thin lines (1px), neon cyan/blue on black, technical markers, decorative brackets, data visualization, monospaced fonts, glowing elements, transparency. Ideal for real-time monitoring and telemetry interfaces.	border: 1px solid rgba(0,255,255,0.5); color: #00FFFF; background: transparent or rgba(0,0,0,0.8); font-family: monospace; text-shadow: 0 0 5px cyan; SVG for technical markers	☐ Fine lines 1px ☐ Neon glow text/borders ☐ Monospaced font ☐ Dark/Transparent BG ☐ Decorative tech markers ☐ Holographic feel ☐ SVG markers animated ☐ Real-time data integration ready	--hud-color: #00FFFF; --bg-color: rgba(0,10,20,0.9); --line-width: 1px; --glow: 0 0 5px; --font: monospace; --data-refresh: real-time; --svg-markers: animated	High — HUD style is natural for AI monitoring, drone control, autonomous systems, and real-time telemetry	LCP < 2.0s; Data refresh < 100ms; SVG animation FPS > 30; WebSocket for real-time	A (neon on dark requires careful testing)	Space Tech, Drone Fleet, Autonomous Vehicles, Robotics, Cybersecurity, Digital Twin	Already dark-native; cyan/blue neon on #000; thin lines glow; monospace green-on-black	Already dark; var(--hud:#00FFFF); var(--bg:rgba(0,10,20,0.9)); var(--glow:5px); var(--font:monospace)	5/5 HUD natural for AI monitoring/telemetry
23	Pixel Art	Design a pixel art inspired interface with pixelated fonts, 8-bit/16-bit aesthetic, sharp edges, limited color palette (16-32 colors), blocky UI elements, retro gaming feel. Use for nostalgic or gaming-adjacent products.	font-family: 'Press Start 2P'; image-rendering: pixelated; box-shadow: 4px 0 0 #000 (pixel border); no anti-aliasing; crisp-edges	☐ Pixelated fonts loaded ☐ Images sharp (no blur) ☐ CSS box-shadow pixel borders ☐ Retro palette 16-32 colors ☐ Blocky layout ☐ No anti-aliasing ☐ Responsive pixel scaling	--pixel-size: 4px; --font: pixel font; --border-style: pixel-shadow; --anti-alias: none; --color-palette: 16-32 max; --image-rendering: pixelated	Low — niche aesthetic; limited AI integration unless for retro-themed AI games	LCP < 2.0s; Font load < 100ms; Image rendering: crisp-edges; Minimal JS	A (pixel fonts can be hard to read at small sizes)	Gaming, Indie Games, Retro Products, NFT Collections	color-scheme:dark; bg:#0A0A0A; pixel borders #FFF; retro palette on dark; crisp-edges	var(--dark-bg:#0A0A0A); var(--dark-pixel:#FFF); var(--dark-palette:retro-dark); var(--dark-render:crisp)	2/5 niche; limited AI integration
24	AI-Native UI	Design an AI-native interface optimized for conversational AI, streaming responses, agent workflows, and intelligent suggestions. Use: streaming text containers, thinking/loading indicators, confidence scores, source citations, token counters, context windows, tool-use visualization, human-in-the-loop controls.	content-visibility: auto; streaming-text: typewriter effect; skeleton: pulse loading; popover: for citations; scroll-snap: for conversation; container queries; CSS scroll-timeline for progress	☐ Streaming text display ☐ Thinking/loading states ☐ Confidence indicators ☐ Source citations linked ☐ Token usage visible ☐ Context window indicator ☐ Tool-use visualization ☐ Human-in-the-loop controls ☐ Error recovery flows	--streaming-speed: 30-50ms per token; --thinking-indicator: pulse; --confidence-color: green-yellow-red; --citation-style: inline popover; --token-display: compact; --context-window: progress bar; --agent-status: active/idle/error	Essential — this is THE pattern for AI products; every AI interface should start here	LCP < 1.5s; Streaming latency < 100ms; INP < 50ms; WebSocket/SSE required; Minimal layout shifts	AA (ensure streaming text is readable)	AI Chatbot, AI Agent, AI Copilot, Voice AI, AI Writing, AI Code Gen, Personal AI Assistant	color-scheme:dark; bg:#0F172A; streaming on dark; thinking pulse lighter; citations popover dark	var(--dark-bg:#0F172A); var(--dark-streaming:#1E293B); var(--dark-thinking:pulse-light); var(--dark-citation:dark-popover)	5/5 THE pattern for AI products
25	Organic Biophilic	Design a nature-inspired interface with organic shapes, earth tones, natural textures, flowing curves, leaf/plant motifs, warm lighting, sustainable aesthetic. Use SVG for organic shapes, natural color palettes (greens, browns, sky blues), and calming animations.	border-radius: 40-60% for organic shapes; background: earth-tone gradients; clip-path: organic SVG paths; color: #228B22, #8B4513, #87CEEB; animation: gentle sway 4-6s	☐ Organic shapes (SVG clip-path) ☐ Earth tone palette ☐ Natural textures subtle ☐ Flowing curves ☐ Calming animations 4-6s ☐ Sustainable imagery ☐ Low-carbon design practices ☐ Green hosting indicator	--organic-radius: 40-60%; --earth-green: #228B22; --earth-brown: #8B4513; --sky-blue: #87CEEB; --animation: gentle sway 4-6s; --texture: subtle natural; --carbon-aware: true	Medium — natural aesthetic works for sustainability dashboards, wellness AI, and eco-focused products	LCP < 2.0s; SVG optimized < 50KB; Animation: CSS only; Low-carbon web practices	AA (earth tones need contrast verification)	Sustainability/ESG, Climate Tech, Agriculture, Florist, Coffee Shop, Non-profit, Circular Economy	color-scheme:dark; bg:#0A1A10; earth tones deepened; organic shapes on forest-dark; calming	var(--dark-bg:#0A1A10); var(--dark-earth:deepened); var(--dark-organic:forest); var(--dark-calm:true)	3/5 natural aesthetic for sustainability AI
26	Biomimetic / Organic 2.0	Design a biomimetic interface inspired by biological systems: cellular structures, neural networks, DNA helixes, organic growth patterns, bioluminescence effects. Use for biotech, health-tracking, and scientific visualization. Combine organic aesthetics with data precision.	clip-path: complex organic; background: radial-gradient cellular; animation: organic growth; SVG: neural/cellular patterns; filter: glow for bioluminescence; color: biological spectrum	☐ Cellular/neural patterns ☐ Organic growth animations ☐ Bioluminescence effects ☐ Biological color spectrum ☐ Data overlays on organic shapes ☐ Scientific precision maintained ☐ SVG patterns optimized	--cellular-pattern: radial; --neural-color: #6366F1; --bio-glow: subtle; --growth-animation: 2-4s; --data-overlay: precise; --biological-spectrum: warm-cool range	High — biological visualization patterns are ideal for health AI, biotech dashboards, and longevity tracking	LCP < 2.5s; SVG complexity budget: 500 nodes max; Animation: GPU composited; Data refresh: real-time	AA (ensure data readability over organic patterns)	Biotech, Biohacking/Longevity, Neurotech, Healthcare, Emotion AI	color-scheme:dark; bg:#0A0A18; bioluminescence brighter; cellular patterns glow; data precise	var(--dark-bg:#0A0A18); var(--dark-bio:brighter); var(--dark-cellular:glow); var(--dark-data:precise)	4/5 bio visualization ideal for health AI
27	Spatial UI (VisionOS)	Design for spatial computing (VisionOS/XR). Use: frosted glass panels, depth hierarchy (near/mid/far), gaze-friendly targets (60px+), hand tracking affordances, environment-aware transparency, system-consistent materials, window management, ornament patterns.	backdrop-filter: blur(40px); border-radius: 28px; padding: 20px+; min-target: 60px; background: rgba(255,255,255,0.3); depth: z-translation; hover: gaze-highlight	☐ Frosted glass panels ☐ Depth hierarchy (3 layers) ☐ Gaze targets 60px+ ☐ Hand tracking affordances ☐ Environment-aware transparency ☐ System materials used ☐ Window management ☐ Ornament patterns	--glass-blur: 40px; --panel-radius: 28px; --gaze-target: 60px; --depth-near: 0; --depth-mid: -50px; --depth-far: -100px; --material: system glass; --ornament: bottom-attached	High — spatial UI is the future of AI interaction; design for mixed reality AI assistants and spatial agents	LCP < 2.0s; Gaze tracking latency < 50ms; 90 FPS minimum; Spatial audio integration	AA (large targets inherent; ensure depth contrast)	Spatial Computing, VR/AR Apps, Digital Twin, Architecture, Smart Home, AI Assistant	color-scheme:dark; frosted panels on dark env; gaze-highlight brighter; depth enhanced	var(--dark-glass:darker-tint); var(--dark-gaze:brighter); var(--dark-depth:enhanced); var(--dark-material:system-dark)	4/5 spatial UI future of AI interaction
28	E-Ink / Paper	Design a paper-like, low-energy interface inspired by e-ink displays. Use: high contrast black on white, minimal color (1-2 accent max), serif or humanist fonts, generous margins, print-like typography, reduced animations, sustainable low-power aesthetic.	background: #FAFAF8; color: #1A1A1A; font-family: serif or humanist sans; line-height: 1.6-1.8; max-width: 65ch; animation: none or fade only; @media print optimized	☐ Paper-like background ☐ High contrast text ☐ Minimal color (1-2 accents) ☐ Generous margins ☐ Print-optimized typography ☐ No/minimal animations ☐ Print stylesheet included ☐ Low energy consumption	--paper-bg: #FAFAF8; --ink-color: #1A1A1A; --accent: 1-2 colors max; --line-height: 1.7; --max-width: 65ch; --animation: none; --print-ready: true; --energy: minimal	Medium — clean reading experience works for AI-generated long-form content, reports, and documentation	LCP < 1.0s; CLS < 0.01; Total page weight < 100KB; Zero JS for content display	AAA (inherently high contrast)	Documentation, Newsletter, Blog/Magazine, Knowledge Base, Climate Tech, Legal, Reports	Already light-native; dark: bg:#1A1A1A; text:#E8E8E0; paper-dark aesthetic; minimal color	var(--dark-paper:#1A1A1A); var(--dark-ink:#E8E8E0); var(--dark-accent:muted); var(--dark-reading:comfortable)	3/5 clean reading for AI-generated reports
29	Swiss Modernism 2.0	Design a modern Swiss/International style interface with strict grid systems, Helvetica-style typography, mathematical proportions, asymmetric balance, photographic integration, clear information hierarchy. Updated with modern CSS Grid, fluid typography, and responsive design.	display: grid; grid-template: strict proportions; font-family: 'Helvetica Neue', system-ui; font-size: clamp(); line-height: mathematical ratio; gap: proportional; color: limited palette	☐ Strict grid system ☐ Helvetica-style typography ☐ Mathematical proportions ☐ Asymmetric balance ☐ Photo integration ☐ Clear hierarchy ☐ Fluid typography (clamp) ☐ Responsive grid	--grid: strict proportional; --font: Helvetica Neue or system-ui; --typography: fluid clamp(); --proportion: mathematical; --color-palette: limited 3-4; --balance: asymmetric	Medium — structured grid works well for AI-generated reports, data presentations, and professional content	LCP < 1.5s; CLS < 0.05; Font load: system-ui preferred; Grid paint < 16ms	AA+ (clear hierarchy aids readability)	Consulting, Legal, Magazine/Blog, Museum, Architecture, Knowledge Base, Compliance	color-scheme:dark; bg:#0A0A0A; grid:light lines on dark; Helvetica white; proportions unchanged	var(--dark-bg:#0A0A0A); var(--dark-grid:light-lines); var(--dark-text:#F5F5F5); var(--dark-proportion:same)	3/5 structured grid for AI reports
30	Storytelling-Driven	Design a narrative-focused interface with full-screen sections, scroll-driven storytelling, cinematic transitions, immersive imagery, progressive content reveal, emotional pacing. Use scroll-timeline API, view transitions, and intersection observer for narrative flow.	scroll-timeline; view-transition-name; Intersection Observer; scroll-snap-type: y proximity; full-bleed images; animation-timeline: scroll(); container queries for sections	☐ Full-screen sections ☐ Scroll-driven narrative ☐ Cinematic transitions ☐ Immersive imagery ☐ Progressive reveal ☐ Emotional pacing ☐ Scroll-timeline API ☐ View transitions ☐ Reduced motion alternative	--section-height: 100vh; --transition: cinematic 600-800ms; --scroll-snap: proximity; --reveal: progressive; --imagery: full-bleed; --pacing: emotional; --scroll-timeline: enabled	Medium — narrative flow works for AI-powered personalized stories, onboarding, and impact visualization	LCP < 2.5s; CLS < 0.1; Scroll FPS > 60; Image lazy-loading required; View Transitions API	AA (ensure text readable over imagery)	Non-profit, Travel, Brewery/Winery, Portfolio, Creative Agency, Photography, Museum	color-scheme:dark; bg:#000; full-bleed imagery on dark; cinematic transitions; scroll dark	var(--dark-bg:#000); var(--dark-imagery:full-bleed); var(--dark-transition:cinematic); var(--dark-scroll:dark)	3/5 narrative flow for AI personalized stories
31	Social Proof-Focused	Design a trust-building interface centered on social proof: testimonials, ratings, user counts, case studies, trust badges, before/after comparisons, video testimonials, real-time activity feeds. Use structured data for SEO and trust signals.	structured data (JSON-LD); counter animation; star-rating SVG; testimonial carousel; trust-badge grid; real-time feed (WebSocket); schema.org Review markup	☐ Testimonials displayed ☐ Star ratings visible ☐ User/customer counts ☐ Trust badges prominent ☐ Case studies linked ☐ Video testimonials ☐ Real-time activity feed ☐ Structured data (schema.org) ☐ A/B testable	--testimonial-layout: carousel or grid; --rating-color: gold #FFD700; --trust-badge-size: 48px; --counter-animation: 1-2s; --activity-feed: real-time; --schema: Review+AggregateRating	High — social proof is critical for AI product adoption; show AI accuracy rates, user success stories	LCP < 2.0s; CLS < 0.1; Real-time feed: WebSocket; Structured data validated; Image optimization	AA (ensure testimonial text is readable)	Service Landing, Healthcare, E-learning, Dating, Beauty/Spa, Childcare, Membership	color-scheme:dark; bg:#121212; testimonials on dark cards; ratings gold on dark; feed dark	var(--dark-bg:#121212); var(--dark-card:#1E1E1E); var(--dark-rating:#FFD700); var(--dark-feed:dark-surface)	4/5 social proof critical for AI adoption
32	Trust & Authority	Design a credibility-focused interface with professional typography, certification displays, security badges, data transparency, regulatory compliance indicators, executive-style layout, case study integration, ROI calculators. Build institutional trust.	font-family: professional serif + sans; badge-grid: flex; security-indicators: SVG; ROI-calculator: interactive; color: navy + gold + white; border: subtle professional	☐ Professional typography ☐ Certification badges ☐ Security indicators ☐ Data transparency ☐ Compliance badges ☐ Executive layout ☐ Case studies ☐ ROI calculator ☐ Contact prominent	--trust-navy: #1E3A5F; --trust-gold: #D4AF37; --badge-size: 64px; --typography: professional; --layout: executive; --security: visible; --compliance: displayed	Medium — trust signals are essential for enterprise AI adoption; show compliance, audits, and certifications	LCP < 2.0s; CLS < 0.05; Calculator: client-side; Badge SVGs inline; Schema.org Organization	AA+ (professional readability essential)	Legal, Insurance, Banking, Consulting, B2B Service, Government, Compliance/RegTech	color-scheme:dark; bg:#0F1729; navy deepened; gold preserved; badges on dark; professional	var(--dark-bg:#0F1729); var(--dark-navy:deepened); var(--dark-gold:#D4AF37); var(--dark-badge:dark-surface)	3/5 trust signals for enterprise AI
33	Conversion-Optimized	Design a conversion-focused interface with clear CTAs, urgency indicators, pricing tables, comparison matrices, A/B testable components, exit-intent triggers, social proof integration, progress indicators, friction-reducing forms. Optimize for measurable outcomes.	CTA: high contrast button; pricing-table: grid; comparison: table; form: minimal fields; progress: step indicator; exit-intent: Intersection Observer; A/B: data attributes	☐ Clear primary CTA ☐ Urgency indicators ☐ Pricing table clear ☐ Comparison matrix ☐ A/B test ready (data attributes) ☐ Exit-intent trigger ☐ Social proof near CTA ☐ Progress indicators ☐ Minimal form fields	--cta-color: high contrast; --urgency: subtle timer; --pricing-columns: 3-4; --form-fields: minimal; --progress: step indicator; --ab-test: data-variant attribute	High — AI can dynamically optimize CTAs, pricing, and content based on user behavior	LCP < 1.5s; CLS < 0.05; INP < 100ms; Form submission < 200ms; Analytics integration required	AA (CTA contrast critical)	Insurance, Job Board, SaaS, E-commerce, Subscription, Conference, Freelancer Platform	color-scheme:dark; bg:#0F172A; CTA high-contrast on dark; pricing table dark cards; form dark	var(--dark-bg:#0F172A); var(--dark-cta:high-contrast); var(--dark-pricing:dark-cards); var(--dark-form:dark)	4/5 AI can dynamically optimize dark CTAs
34	Data-Dense	Design a data-dense interface for information-heavy dashboards: compact layouts, small multiples, sparklines, heat maps, data tables with sorting/filtering, KPI cards, real-time indicators, drill-down navigation. Optimize for power users and analysts.	display: grid; gap: 8-12px; font-size: 12-14px; table: sortable; sparkline: inline SVG; heatmap: CSS gradient; KPI: card component; overflow: scroll; resize: observer	☐ Compact grid layout ☐ Small multiples ☐ Sparklines inline ☐ Heat maps functional ☐ Sortable/filterable tables ☐ KPI cards prominent ☐ Real-time indicators ☐ Drill-down navigation ☐ Export functionality	--data-gap: 8px; --data-font: 13px; --kpi-card: compact; --sparkline: inline SVG; --heatmap: CSS gradient; --table: sortable; --refresh: real-time; --export: CSV/PDF	Very High — data-dense layouts are essential for AI analytics, model monitoring, and business intelligence	LCP < 2.0s; Data refresh < 500ms; Table render < 100 rows visible; Virtual scrolling for large datasets	AA (small text needs careful contrast)	Analytics Dashboard, Financial Dashboard, AI Governance, Supply Chain, Cybersecurity, Predictive Maintenance	color-scheme:dark; bg:#0A0A0A; cards:#151515; sparklines light; heatmap inverted; KPI dark	var(--dark-bg:#0A0A0A); var(--dark-card:#151515); var(--dark-sparkline:light); var(--dark-heatmap:inverted)	5/5 data-dense essential for AI analytics
35	Cyberpunk UI	Design a cyberpunk-inspired interface with neon accents on dark backgrounds, glitch effects, terminal aesthetics, matrix-style data rain, angular geometric shapes, high-tech borders, scan-line overlays. Combine dystopian aesthetic with functional data display.	background: #0A0A0A; color: #00FF41 or #FF00FF; border: 1px solid neon; text-shadow: neon glow; animation: glitch + scanline; font-family: monospace; clip-path: angular	☐ Neon on dark background ☐ Glitch effects subtle ☐ Terminal aesthetic ☐ Angular shapes ☐ Scan-line overlay ☐ High-tech borders ☐ Matrix-style elements ☐ Functional despite aesthetic ☐ Reduced motion fallback	--cyber-bg: #0A0A0A; --neon-green: #00FF41; --neon-pink: #FF00FF; --glitch: subtle; --scanline: 0.2 opacity; --font: monospace; --clip-path: angular; --border: neon 1px	High — cyberpunk aesthetic is natural for security AI, threat detection, and hacker-tool interfaces	LCP < 2.0s; Glitch animation: CSS only; Scanline: pseudo-element; Neon glow: text-shadow only	A (neon readability requires testing)	Cybersecurity, Fraud Detection, NFT/Web3, Decentralized Identity, Hacker Tools	Already dark-native; neon on #0A0A0A; glitch on black; scan-line subtle; terminal green	Already dark; var(--cyber-bg:#0A0A0A); var(--neon-green:#00FF41); var(--neon-pink:#FF00FF); var(--glitch:subtle)	4/5 cyberpunk natural for security AI
36	Holographic / Iridescent	Design a holographic interface with rainbow iridescent effects, prismatic color shifts, metallic sheens, light-reactive gradients, 3D depth illusion. Use CSS conic-gradient, hue-rotate animations, and metallic color palettes for a futuristic premium feel.	background: conic-gradient(from var(--angle)); animation: hue-rotate 3-5s; filter: brightness(1.1) contrast(1.1); background-blend-mode: overlay; border-image: linear-gradient	☐ Iridescent gradient active ☐ Prismatic color shifts ☐ Metallic sheen effect ☐ Light-reactive animation ☐ 3D depth illusion ☐ Hue-rotate smooth ☐ Text readable over effects ☐ GPU composited	--holo-angle: animated; --hue-rotate: 3-5s; --metallic: silver/gold base; --prismatic: rainbow gradient; --depth: layered; --gpu: composited; --text-contrast: ensured	Medium — holographic effects work for premium AI products, spatial interfaces, and futuristic dashboards	LCP < 2.5s; Hue-rotate FPS > 60; GPU compositing required; Fallback: static gradient	AA (ensure text contrast over shifting colors)	Space Tech, Quantum Computing, Spatial Computing, Luxury Tech, Premium AI Products	color-scheme:dark; holographic on #080810; hue-rotate brighter; metallic on dark; prismatic	var(--dark-bg:#080810); var(--dark-holo:brighter); var(--dark-metallic:dark-base); var(--dark-prismatic:enhanced)	3/5 holographic for premium AI products
37	Gen Z Chaos	Design a chaotic, maximalist interface with clashing colors, overlapping elements, meme-inspired layouts, sticker aesthetics, hand-drawn elements, anti-design principles, intentional visual noise. Controlled chaos that still communicates effectively.	z-index: overlapping; transform: rotate(random); mix-blend-mode: multiply; border: hand-drawn SVG; color: clashing neon; font: mixed weights/styles; position: absolute scattered	☐ Controlled chaos layout ☐ Overlapping elements ☐ Clashing colors intentional ☐ Sticker/meme aesthetic ☐ Hand-drawn elements ☐ Mixed typography ☐ Still navigable ☐ Mobile-responsive chaos ☐ Reduced motion: simplified	--chaos-level: controlled; --overlap: intentional; --colors: clashing neon; --typography: mixed; --elements: sticker-like; --navigation: still clear; --reduced-motion: simplified layout	Low — niche aesthetic for youth-focused AI products and creative platforms	LCP < 2.5s; CLS: intentionally high but controlled; Z-index management critical; Mobile: simplified	A (readability challenging; ensure core content accessible)	Generative Art, Youth Apps, Meme Platforms, Creative Tools, Social Media (Gen Z)	color-scheme:dark; bg:#0A0A0A; chaos neon on dark; stickers on dark; clashing brighter	var(--dark-bg:#0A0A0A); var(--dark-chaos:neon-on-dark); var(--dark-sticker:dark-bg); var(--dark-clash:brighter)	2/5 niche youth-focused AI
38	Component Library UI	Design a component-driven interface using a design system with tokens, variants, slots, and composable primitives. Use: consistent spacing scale (4px grid), semantic color tokens, size variants (sm/md/lg), compound components, Radix/Headless UI primitives.	CSS custom properties; data-attributes for state; :where() for low specificity; @layer for cascade; container queries; gap: token-based; aspect-ratio	☐ Design tokens defined ☐ Component variants (sm/md/lg) ☐ Semantic color tokens ☐ Compound component API ☐ Slot-based composition ☐ :where() specificity ☐ @layer cascade order	--space-1:4px; --space-2:8px; --space-3:12px; --space-4:16px; --radius-sm:4px; --radius-md:8px; --radius-lg:16px; --color-surface: token; --color-text: token	Very High — token-based systems are ideal for AI-driven theme generation and component composition	LCP < 1.5s; CLS < 0.05; CSS < 40KB; Component hydration < 100ms	AA+ (tokens enforce consistency)	Design Systems, SaaS, Enterprise, Developer Tools, AI Platforms	color-scheme:dark; tokens switch via :root.dark; surfaces invert; text lightens; borders mute	var(--dark-surface:token-dark); var(--dark-text:token-light); var(--dark-border:token-muted); var(--dark-accent:token-vivid)	5/5 token systems=perfect AI theming
39	Dashboard Analytics	Design an analytics dashboard with KPI cards, chart grids, data tables, filter bars, date range pickers, real-time indicators, drill-down navigation. Use: 12-column grid, card-based layout, compact typography (13-14px), status colors (green/amber/red).	display: grid; grid-template-columns: repeat(12,1fr); gap: 16px; font-size: 13px; overflow: auto; resize: observer; color: status-semantic; scroll-snap for cards mobile	☐ 12-col grid layout ☐ KPI cards with sparklines ☐ Chart integration (Recharts) ☐ Data table sortable ☐ Filter bar functional ☐ Date range picker ☐ Real-time WebSocket	--grid-cols:12; --card-gap:16px; --data-font:13px; --kpi-height:120px; --chart-height:300px; --status-green:#22C55E; --status-amber:#F59E0B; --status-red:#EF4444	Very High — dashboards are the primary AI monitoring interface; support streaming KPIs and alerts	LCP < 2.0s; Data refresh < 500ms; Table render < 100 rows; Virtual scroll for large datasets	AA (small text needs 4.5:1)	Analytics, AI Governance, Financial, Supply Chain, DevOps, Business Intelligence	color-scheme:dark; bg:#0F172A; cards:#1E293B; text:#F1F5F9; status colors preserved; borders:#334155	var(--dark-bg:#0F172A); var(--dark-card:#1E293B); var(--dark-text:#F1F5F9); var(--dark-border:#334155)	5/5 dashboards=primary AI monitoring UI
40	Chat / Conversational UI	Design a conversational chat interface with message bubbles, typing indicators, read receipts, avatar integration, file attachments, emoji reactions, thread replies, voice messages. Use: bubble radius 18px, alternating alignment, timestamp separation.	border-radius: 18px 18px 4px 18px; gap: 4px; scroll-behavior: smooth; scroll-snap-align: end; position: sticky for input; flexbox column-reverse	☐ Message bubbles styled ☐ Typing indicator animated ☐ Read receipts displayed ☐ Avatars integrated ☐ File upload/preview ☐ Emoji picker ☐ Thread support ☐ Voice message player	--bubble-radius:18px; --bubble-user:#3B82F6; --bubble-other:#E5E7EB; --typing-dot:6px; --input-height:48px; --avatar-size:32px; --timestamp-gap:32px	Essential — chat is the dominant AI interaction pattern; support streaming, tool-use, citations	LCP < 1.5s; Message render < 50ms; Scroll FPS > 60; WebSocket required; INP < 50ms	AA (bubble contrast critical)	AI Chatbot, Customer Support, Team Collaboration, Social, AI Assistant, AI Copilot	color-scheme:dark; bg:#0F172A; user-bubble:#3B82F6; other-bubble:#1E293B; input:#0F172A; border:#334155	var(--dark-bg:#0F172A); var(--dark-user-bubble:#3B82F6); var(--dark-other-bubble:#1E293B); var(--dark-input:#0F172A)	5/5 chat IS the AI interaction paradigm
41	Multi-Step Form / Wizard	Design a multi-step form wizard with progress indicator, step validation, conditional branching, summary review, auto-save draft. Use: horizontal stepper, form sections, inline validation, progressive disclosure, smart defaults.	grid or flexbox stepper; scroll-snap for steps mobile; :valid/:invalid pseudo-classes; fieldset grouping; progress element; transition: slide 300ms	☐ Progress stepper visible ☐ Step-by-step validation ☐ Conditional branching ☐ Summary/review step ☐ Auto-save draft ☐ Inline error messages ☐ Smart defaults	--step-indicator:numbered; --step-active:#3B82F6; --step-complete:#22C55E; --step-gap:8px; --form-width:640px; --validation:inline; --auto-save:true	High — AI can pre-fill fields, suggest corrections, and dynamically adjust form flow	LCP < 1.5s; INP < 100ms; Form submission < 200ms; Auto-save debounce 2s; Validation < 50ms	AA (form labels and errors must be clear)	Insurance, Banking, Onboarding, Healthcare, Legal, Enterprise, E-commerce Checkout	color-scheme:dark; bg:#0F172A; stepper:#1E293B; input-bg:#1E293B; border:#334155; active:#3B82F6	var(--dark-bg:#0F172A); var(--dark-stepper:#1E293B); var(--dark-input:#1E293B); var(--dark-active:#3B82F6)	4/5 AI pre-fill and smart defaults
42	Notification / Alert System	Design a notification system with toast messages, alert banners, badge indicators, notification center, priority levels (info/success/warning/error), stacking, auto-dismiss, action buttons.	position: fixed; z-index: 9999; animation: slide-in 200ms; pointer-events: auto; role: alert; aria-live: polite/assertive; gap: 8px stack	☐ Toast component styled ☐ Priority colors defined ☐ Stacking behavior ☐ Auto-dismiss timer ☐ Action buttons ☐ ARIA live regions ☐ Notification center drawer	--toast-width:360px; --toast-radius:8px; --info:#3B82F6; --success:#22C55E; --warning:#F59E0B; --error:#EF4444; --dismiss:5000ms; --stack-gap:8px	High — AI agents need robust notification for status updates, errors, and completion alerts	INP < 50ms; Toast render < 16ms; Stack limit: 5 visible; Auto-dismiss: 3-8s; ARIA compliant	AA (status colors need 4.5:1 with text)	All products — notifications are universal UX pattern	color-scheme:dark; bg-toast:#1E293B; border:#334155; text:#F1F5F9; status colors slightly brighter	var(--dark-toast:#1E293B); var(--dark-border:#334155); var(--dark-text:#F1F5F9); var(--dark-status:brighter)	4/5 essential for agent status feedback
43	Onboarding / Tour	Design an onboarding experience with welcome screens, feature tours, tooltips, spotlight highlights, progress dots, skip option, personalization questions. Use: overlay masks, spotlight cut-outs, coach marks, step-by-step reveal.	clip-path: circle/polygon for spotlight; backdrop: rgba(0,0,0,0.6); z-index layering; animation: fade-in 300ms; popper.js for positioning; transition: step 400ms	☐ Welcome screen designed ☐ Feature tour tooltips ☐ Spotlight highlights ☐ Progress indicators ☐ Skip option visible ☐ Personalization step ☐ Completion celebration	--overlay-opacity:0.6; --spotlight-radius:8px; --tooltip-width:280px; --progress-dots:true; --step-transition:400ms; --celebration:confetti; --skip-visible:true	High — AI can personalize onboarding flow based on user signals and role detection	Overlay render < 16ms; Step transition 300-400ms; Tooltip positioning < 50ms; Total overlay JS < 20KB	AA (tooltip text must be readable over overlay)	SaaS, AI Platforms, Productivity, E-commerce, Education, Enterprise	color-scheme:dark; overlay:rgba(0,0,0,0.7); tooltip:#1E293B; border:#3B82F6; text:#F1F5F9	var(--dark-overlay:rgba(0,0,0,0.7)); var(--dark-tooltip:#1E293B); var(--dark-border:#3B82F6); var(--dark-text:#F1F5F9)	4/5 AI personalizes onboarding flow
44	Pricing / Comparison	Design a pricing page with tier cards, feature comparison matrix, toggle (monthly/annual), popular badge, CTA hierarchy, FAQ section, money-back guarantee. Use: 3-4 tiers, highlighted recommended, compact feature checks.	display: grid; grid-template-columns: repeat(auto-fit, minmax(280px,1fr)); gap: 24px; position: sticky for header; scroll-snap mobile; border: highlighted tier	☐ 3-4 pricing tiers ☐ Feature comparison grid ☐ Monthly/annual toggle ☐ Popular/recommended badge ☐ CTA hierarchy clear ☐ FAQ accordion ☐ Guarantee badge	--tier-gap:24px; --tier-radius:16px; --popular-border:2px solid #3B82F6; --cta-primary:#3B82F6; --check-color:#22C55E; --toggle-bg:#E5E7EB; --highlight-bg:subtle	High — AI can dynamically recommend tiers based on user needs and usage patterns	LCP < 2.0s; CLS < 0.05; Toggle switch < 50ms; Comparison table scroll FPS > 60	AA (pricing text must be highly readable)	SaaS, AI Platforms, Subscription, Membership, E-commerce, Freelancer	color-scheme:dark; bg:#0F172A; card:#1E293B; popular-border:#3B82F6; CTA:#3B82F6; check:#22C55E	var(--dark-bg:#0F172A); var(--dark-card:#1E293B); var(--dark-popular:#3B82F6); var(--dark-check:#22C55E)	4/5 AI recommends optimal tier
45	Settings / Preferences	Design a settings interface with categorized sections, toggle switches, dropdowns, sliders, search/filter, reset defaults, save confirmation. Use: sidebar navigation, form groups, inline descriptions, danger zone section.	display: grid; grid-template-columns: 240px 1fr; gap: 24px; fieldset grouping; toggle: custom checkbox; slider: input[type=range]; color: danger #EF4444	☐ Sidebar navigation ☐ Toggle switches styled ☐ Dropdowns functional ☐ Sliders with values ☐ Search/filter settings ☐ Reset to defaults ☐ Save confirmation ☐ Danger zone	--sidebar-width:240px; --section-gap:24px; --toggle-active:#3B82F6; --slider-track:#E5E7EB; --danger:#EF4444; --save-confirm:toast; --reset:modal-confirm	High — AI can suggest optimal settings based on user behavior and auto-configure preferences	LCP < 1.5s; INP < 100ms; Toggle response < 50ms; Auto-save debounce 1s; Search < 100ms	AA (toggle states must be perceivable)	SaaS, AI Platforms, Enterprise, Productivity, Developer Tools, Smart Home	color-scheme:dark; bg:#0F172A; sidebar:#1E293B; toggle-track:#334155; active:#3B82F6; danger:#EF4444	var(--dark-bg:#0F172A); var(--dark-sidebar:#1E293B); var(--dark-track:#334155); var(--dark-active:#3B82F6)	4/5 AI auto-configure settings
46	Empty State / Zero Data	Design empty states with illustrations, action prompts, helpful descriptions, primary CTA, secondary suggestions. Use: centered layout, friendly illustration, clear next-step, onboarding hint. Handle: first-use, no-results, error-recovery, offline.	display: flex; align-items: center; justify-content: center; min-height: 300px; text-align: center; max-width: 400px; margin: auto; gap: 16px	☐ First-use empty state ☐ No-results state ☐ Error-recovery state ☐ Offline state ☐ Illustration/icon ☐ Clear CTA ☐ Helpful description ☐ Onboarding hint	--empty-max-width:400px; --empty-min-height:300px; --illustration-size:200px; --cta-color:#3B82F6; --text-muted:#64748B; --gap:16px; --offline-icon:cloud-off	High — AI can generate contextual empty state messages and suggest next actions dynamically	LCP < 1.5s; CLS < 0.01; Illustration: SVG inline or lazy-loaded PNG; Zero JS for display	AA (clear contrast for muted text)	All products — empty states are universal UX requirement	color-scheme:dark; bg:#0F172A; text:#94A3B8; muted:#64748B; CTA:#3B82F6; illustration:dark-variant	var(--dark-bg:#0F172A); var(--dark-text:#94A3B8); var(--dark-muted:#64748B); var(--dark-cta:#3B82F6)	5/5 AI generates contextual empty states
47	Media Gallery / Lightbox	Design a media gallery with grid layout, lightbox overlay, zoom, swipe navigation, EXIF data, lazy loading, masonry layout option. Use: CSS Grid or Masonry, IntersectionObserver, dialog element for lightbox.	display: grid; grid-template-columns: repeat(auto-fill, minmax(200px,1fr)); gap: 4px; dialog for lightbox; object-fit: cover; loading: lazy; aspect-ratio: 1/1 or 3/4	☐ Grid layout responsive ☐ Lightbox overlay ☐ Zoom functionality ☐ Swipe navigation ☐ Lazy loading ☐ Masonry option ☐ EXIF/metadata ☐ Keyboard navigation	--grid-min:200px; --grid-gap:4px; --lightbox-overlay:rgba(0,0,0,0.9); --zoom-max:300%; --thumb-ratio:1/1; --lazy:true; --swipe:touch-action	Medium — AI can auto-tag, categorize, and search media collections	LCP < 2.0s; Image lazy-load; Lightbox open < 100ms; Swipe FPS > 60; AVIF/WebP format	AA (alt text required for all images)	Photography, E-commerce, Portfolio, Social Media, Real Estate, Museum	color-scheme:dark; lightbox-bg:rgba(0,0,0,0.95); controls:#FFFFFF; grid-bg:#0F172A; border:none	var(--dark-lightbox:rgba(0,0,0,0.95)); var(--dark-controls:#FFF); var(--dark-grid:#0F172A); var(--dark-border:none)	3/5 AI auto-tags and categorizes media
48	Code Editor / Terminal	Design a code editor or terminal interface with syntax highlighting, line numbers, copy button, language badge, diff view, tab navigation, command palette. Use: monospace font, dark theme default, proper indentation.	font-family: 'JetBrains Mono', monospace; background: #1E1E1E; color: #D4D4D4; tab-size: 2; white-space: pre; overflow-x: auto; counter-reset for line numbers	☐ Syntax highlighting ☐ Line numbers ☐ Copy button ☐ Language badge ☐ Diff view ☐ Tab navigation ☐ Command palette ☐ Search/replace	--editor-bg:#1E1E1E; --editor-text:#D4D4D4; --line-number:#858585; --selection:#264F78; --keyword:#569CD6; --string:#CE9178; --comment:#6A9955; --font:monospace	Essential — code/terminal is the native AI developer experience; support inline suggestions, completions	LCP < 1.5s; Keystroke latency < 16ms; Syntax parse < 50ms; Copy < 50ms; Virtual scroll for long files	AA (syntax colors need 4.5:1 on bg)	Developer Tools, AI Code Gen, Coding Bootcamp, Documentation, AI Copilot	Already dark-native; bg:#1E1E1E; text:#D4D4D4; line-numbers:#858585; selection:#264F78	Already dark; var(--editor-bg:#1E1E1E); var(--editor-text:#D4D4D4); var(--line-num:#858585); var(--select:#264F78)	5/5 code editor IS the AI dev experience
49	Kanban / Task Board	Design a kanban board with draggable columns, task cards, status labels, assignee avatars, priority badges, swimlanes, WIP limits. Use: CSS Grid for columns, drag-and-drop API, scroll-snap mobile.	display: grid; grid-auto-flow: column; gap: 16px; overflow-x: auto; scroll-snap-type: x mandatory; user-select: none during drag; cursor: grab	☐ Draggable columns ☐ Task cards styled ☐ Status labels (color) ☐ Assignee avatars ☐ Priority badges ☐ Swimlanes ☐ WIP limits ☐ Mobile scroll-snap	--column-width:280px; --column-gap:16px; --card-radius:8px; --drag-opacity:0.8; --status-todo:#64748B; --status-progress:#F59E0B; --status-done:#22C55E; --wip-limit:5	High — AI can auto-prioritize tasks, suggest assignments, and predict completion dates	LCP < 2.0s; Drag start < 50ms; Drop < 100ms; Scroll FPS > 60; WebSocket for real-time sync	AA (status colors need text labels too)	Productivity, Project Management, Agile, DevOps, AI Task Automation	color-scheme:dark; bg:#0F172A; column-bg:#1E293B; card:#0F172A; border:#334155; drag-shadow:darker	var(--dark-bg:#0F172A); var(--dark-column:#1E293B); var(--dark-card:#0F172A); var(--dark-border:#334155)	4/5 AI auto-prioritizes and assigns tasks
50	Agent Workflow / Pipeline	Design an AI agent workflow visualizer with node graph, step cards, connection lines, status indicators, tool-use panels, human-in-the-loop checkpoints, execution timeline, log viewer. Use: SVG for connections, status colors, real-time updates.	SVG for connection lines; display: flex for timeline; position: relative for nodes; animation: pulse for active; stroke-dasharray for pending; WebSocket for real-time; overflow: auto	☐ Node graph layout ☐ Step cards with status ☐ Connection lines (SVG) ☐ Active step pulse ☐ Tool-use visualization ☐ Human-in-the-loop gate ☐ Execution timeline ☐ Log viewer ☐ Error recovery	--node-size:120px; --connection-stroke:2px; --active-color:#3B82F6; --pending-color:#64748B; --success-color:#22C55E; --error-color:#EF4444; --hitl-color:#F59E0B; --pulse-duration:1.5s	Essential — this is THE visualization for AI agent systems; shows thinking, tool-use, and decision flow	LCP < 2.0s; Node render < 50ms; SVG paint < 16ms; WebSocket for real-time; Timeline scroll FPS > 60	AA (node labels and status must be clear)	AI Agent Platforms, AI Orchestration, MLOps, DevOps, Automation, AI Governance	color-scheme:dark; bg:#0F172A; node:#1E293B; connection:#334155; active-glow:#3B82F6; pulse on dark	var(--dark-bg:#0F172A); var(--dark-node:#1E293B); var(--dark-connection:#334155); var(--dark-active:#3B82F6)	5/5 THE visualization for AI agent systems
